lat_grid,lon_grid,fire_count,mean_frp,max_frp,mean_bright,mean_risk,high_conf_pct,norm_count,composite_risk,risk_zone
23.5,86.0,15974,2.680100162764492,24.46,314.4964392137223,45.629649231774785,0.11894328283460623,100.0,51.48523783197431,Moderate
12.0,93.5,17,106.57176470588234,1552.82,328.52647058823527,50.25302424847187,5.88235294117647,0.10642293727306873,38.21404180912837,Low
23.0,93.0,760,61.374776315789475,530.13,344.5710263157895,49.4407505997792,7.236842105263158,4.75773131338425,31.211171087896545,Low
24.0,93.0,1079,53.811519925857276,531.02,343.45727525486564,49.73299767424607,11.121408711770158,6.75472643044948,30.981489117609758,Low
25.5,95.0,9,51.52444444444445,96.86,340.03555555555556,50.39976063259309,33.33333333333333,0.056341555026918747,30.662405386677854,Low
23.0,92.5,1392,45.233182471264364,397.0,341.3057974137931,49.353507998265876,11.781609195402298,8.7141605108301,29.99061912344848,Low
20.5,85.0,6131,2.6425672810308267,71.09,314.72330941118906,45.61471322024837,0.048931658783232745,38.381119318893205,29.899357145017056,Low
23.5,93.0,689,44.02750362844703,517.09,343.10381712627,49.49954500207825,11.756168359941945,4.3132590459496685,28.272606385226187,Low
22.5,92.5,1465,34.092600682593854,593.87,341.51828668941977,49.26815831191657,9.556313993174061,9.171153123826217,27.807445416996345,Low
25.0,83.5,4374,5.687832647462278,213.96,332.94988340192043,47.396437593619154,3.0864197530864197,27.38199574308251,27.548511952902512,Low
23.5,94.0,68,48.47558823529412,310.13,340.34455882352944,49.44249357897964,8.823529411764707,0.4256917490922749,27.43348449180298,Low
23.0,92.0,1001,38.492437562437566,565.98,342.27504495504496,48.843996943954465,6.893106893106893,6.2664329535495185,27.201720217325963,Low
23.5,92.0,1393,30.000258435032304,584.55,342.77445082555636,49.36732646758815,7.394113424264178,8.720420683610868,26.700180397236533,Low
24.5,93.0,623,38.29187800963082,504.73,341.3813001605136,49.24710425169219,8.346709470304976,3.9000876424189306,26.622308770598224,Low
27.0,82.5,3590,6.559181058495821,182.76,330.09728412256266,47.473267602313264,8.300835654596101,22.47402028295981,26.542575949777277,Low
25.0,90.0,121,41.58652892561984,199.46,343.2359504132232,49.59587628159853,9.090909090909092,0.7574809064730187,26.337183734903558,Low
22.0,92.5,2006,20.425024925224328,340.13,337.9211415752742,48.59572020806514,7.32801595214357,12.55790659822211,25.969673484742888,Low
26.0,94.5,829,29.190627261761158,405.95,344.37289505428225,49.600109798784075,11.097708082026537,5.189683235257293,25.764314894193035,Low
23.5,92.5,595,31.8218487394958,364.07,340.4846554621849,49.200565714132644,9.411764705882353,3.724802804557406,25.43696533413612,Low
25.5,94.5,584,33.07287671232877,516.76,336.13142123287673,48.69915813282141,8.561643835616438,3.6559409039689497,25.387135555496943,Low
24.0,94.0,316,34.18870253164557,293.77,341.42287974683546,49.246915467709,9.81012658227848,1.9782145987229247,25.3258983393177,Low
27.5,92.0,4,42.625,110.46,342.4375,49.39915975364539,0.0,0.025040691123075,25.29777468396252,Low
22.5,77.5,3611,4.427250069232899,69.48,329.6358875657712,46.648101290611635,2.243145942952091,22.605483911355954,25.29391801385079,Low
25.0,93.5,995,26.660773869346734,596.03,340.3088542713568,48.96579754790527,8.743718592964825,6.228871916864906,25.19585277937662,Low
31.5,75.0,2926,7.135406698564593,252.17,342.45604579630896,47.38904848187425,6.390977443609022,18.31726555652936,24.975387801263604,Low
24.5,94.0,447,31.898501118568234,371.78,340.0480984340045,49.036485633513735,8.053691275167784,2.798297233003631,24.933838132405832,Low
23.5,87.0,3863,2.2957261195961687,32.5,311.2465337820347,45.47167705626698,0.18120631633445508,24.18304745210968,24.828106170719696,Low
25.0,70.5,4,5.6575,7.13,353.78,53.00952666238956,50.0,0.025040691123075,24.623824447484747,Low
25.0,84.0,2898,5.377708764665287,87.89,332.80856452726016,47.487403600473264,4.623878536922015,18.141980718667835,24.441890666225156,Low
24.0,92.5,856,25.321390186915888,483.71,340.83125,48.843212522615424,7.009345794392523,5.358707900338049,24.423595259669664,Low
22.5,93.0,168,29.142142857142858,195.57,340.1507738095238,48.940836188002734,14.285714285714285,1.0517090271691498,24.39497985672782,Low
25.5,76.5,2596,7.2330893682588595,91.48,339.4047534668721,47.81790070830623,5.469953775038521,16.251408538875673,24.328665567966258,Low
25.5,78.0,2712,6.0823783185840705,265.43,335.5914859882006,47.69073384663279,3.8348082595870205,16.97758858144485,24.15885517553119,Low
24.5,94.5,94,36.623936170212765,242.78,331.33106382978724,47.58034038679195,4.25531914893617,0.5884562413922624,24.157713806906298,Low
21.0,81.5,3351,3.0145210384959715,72.1,320.04974037600715,46.07555405016552,0.7460459564309161,20.97783898835608,24.109018183615436,Low
22.0,82.5,3470,2.5448760806916426,39.86,316.6430893371758,45.64566011988856,0.345821325648415,21.72279954926756,24.091132195801098,Low
24.0,93.5,972,22.808713991769547,388.12,340.3681378600823,48.579398266947294,6.584362139917696,6.0848879429072245,24.07137859550923,Low
21.5,92.5,2,35.230000000000004,65.7,345.41499999999996,49.61262832483766,0.0,0.0125203455615375,23.98030933157302,Low
21.0,72.5,2903,5.097554254219773,50.97,325.9014261109197,46.80646397892901,1.8601446779193935,18.17328158257168,23.885567967490253,Low
17.5,81.5,2969,5.065981812057932,72.67,328.2516167059616,46.31339552313157,1.751431458403503,18.586452986102415,23.840807572739642,Low
25.0,93.0,1277,17.667588097102584,336.98,339.86570869224744,48.59798933231583,5.951448707909162,7.994240641041693,23.718048058690165,Low
27.5,94.5,95,32.07,420.46,337.2261052631579,48.64474087982749,4.2105263157894735,0.5947164141730312,23.673342361250377,Low
25.0,90.5,254,27.443425196850395,179.32,340.935,49.01960407980607,7.874015748031496,1.5900838863152622,23.65101677230751,Low
31.0,74.5,2215,7.338559819413092,86.23,342.40667720090295,47.44049194175973,6.320541760722348,13.86628270940278,23.46663057775235,Low
31.5,74.5,2273,7.341843378794544,75.77,342.84900131984165,46.969559900989815,5.807303123625164,14.229372730687368,23.37817822285746,Low
29.0,79.5,2832,4.114064265536723,78.11,323.33803672316384,46.42212975991222,1.518361581920904,17.7288093151371,23.376738802998908,Low
25.5,90.0,225,29.694444444444443,256.9,342.03555555555556,48.69174072981298,2.666666666666667,1.4085388756729684,23.374430895967528,Low
21.5,82.5,2368,5.581849662162162,104.32,338.8174366554054,47.936122676269584,2.5760135135135136,14.824089144860398,23.271204292941274,Low
28.5,94.0,64,23.83890625,94.89,337.825625,49.13796636989564,14.0625,0.4006510579692,23.218541365798224,Low
22.5,86.0,3067,2.6603488751222693,89.07,314.3947310074992,45.50190086594657,0.48907727420932506,19.199949918617754,23.19381511031419,Low
21.5,83.0,2833,3.431118955171197,28.73,323.7904129897635,46.41921835634184,0.7059654076950229,17.73506948791787,23.16850497881676,Low
22.0,83.5,2622,4.572200610221205,38.13,325.1379748283753,46.59427661560739,1.8306636155606408,16.41417303117566,23.094074765393103,Low
22.0,87.0,2939,2.714028581150051,27.64,318.52482477033004,45.86151894548879,0.5103776794828173,18.398647802679356,23.051429645798024,Low
26.0,95.0,149,23.90765100671141,267.62,340.90234899328857,49.00862467174956,10.06711409395973,0.9327657443345436,22.97287444115675,Low
22.0,93.0,153,17.94078431372549,63.31,345.25686274509803,49.828002728233244,18.30065359477124,0.9578064354576187,22.971991169746573,Low
25.5,78.5,2120,6.621391509433963,80.09,336.95652830188675,47.4316579116239,4.622641509433962,13.271566295229748,22.95100909454498,Low
27.0,83.0,2113,6.896672976810223,140.33,329.7853478466635,47.069446096303594,5.158542356838618,13.227745085764367,22.91414885905123,Low
30.5,75.0,2108,7.123519924098671,98.0,342.024440227704,47.23973868667499,3.795066413662239,13.196444221860522,22.86902004788695,Low
18.5,80.0,2599,4.6222931896883415,35.93,336.3548095421316,45.992939355528826,1.5005771450557905,16.27018905721798,22.809604408958148,Low
19.5,83.5,2215,6.948708803611738,240.5,335.16522347629797,46.557030279093254,3.160270880361174,13.86628270940278,22.76822974951764,Low
26.0,94.0,450,19.014377777777778,277.05,340.4600888888889,49.03086029033073,10.444444444444445,2.817077751345937,22.759593392707806,Low
30.5,74.5,1938,7.505531475748193,105.38,342.09807017543864,47.5500642263068,4.592363261093911,12.132214849129836,22.75657434083954,Low
23.0,79.5,2176,5.8830422794117645,98.58,337.5850551470588,47.557712609809386,2.297794117647059,13.622135970952797,22.74677912461132,Low
25.5,92.5,1215,13.748905349794237,163.61,339.9742551440329,48.45197474965982,5.349794238683128,7.60610992863403,22.735524447164146,Low
25.5,92.0,1942,7.782167868177137,176.92,336.6514521112255,47.74089733201386,3.038105046343975,12.15725554025291,22.728619861372927,Low
23.5,91.5,1077,14.360120705663881,208.45,341.2987279480037,48.88800634295205,5.478180129990715,6.742206084887943,22.713312681515134,Low
30.0,75.5,2066,6.030546950629236,68.9,340.7633010648596,47.48042037471324,3.5333978702807354,12.933516965068236,22.629952320004502,Low
25.5,94.0,530,20.59011320754717,329.58,338.93911320754717,48.44607622886647,6.415094339622642,3.317891573807437,22.622982289688956,Low
30.0,78.5,2462,4.109354183590576,115.48,323.32304224207957,46.17344212803994,1.8277822908204713,15.41254538625266,22.509063900824234,Low
15.5,78.5,2052,6.354366471734893,96.65,336.83000487329434,46.72415555356754,3.7037037037037033,12.845874546137473,22.412385597156526,Low
19.5,80.5,2421,5.224745972738538,199.65,331.816926889715,45.52290327471501,1.2804626187525816,15.15587830224114,22.346132051203714,Low
26.0,83.5,1789,7.219284516489658,141.65,331.7078759083287,47.200178307245096,5.477920626048071,11.199449104795292,22.342482896086864,Low
21.5,84.0,2621,2.891247615413964,37.07,318.15243037008776,45.71605869908489,0.4196871423120946,16.40791285839489,22.32795043424412,Low
31.0,75.0,1868,6.778104925053533,90.46,340.5582280513919,47.39913387635301,3.5331905781584587,11.694002754476024,22.307943281426642,Low
29.5,79.0,2409,3.7535159817351595,42.97,323.48227065172273,46.12527441812091,1.6604400166044004,15.080756228871916,22.29256569326256,Low
30.5,74.0,1404,8.407613960113961,63.19,343.7354415954416,47.91312083607243,8.618233618233619,8.789282584199324,22.285495982338624,Low
26.5,95.0,638,15.342413793103447,104.21,340.2598589341693,48.708009767935394,9.404388714733543,3.9939902341304623,22.265403156774138,Low
26.5,83.0,1921,5.957626236335242,183.58,327.0179854242582,46.86910268920455,5.25767829255596,12.025791911856768,22.257030594294434,Low
17.5,80.0,2220,5.116288288288288,60.39,336.37587837837833,46.35499493527809,1.5765765765765765,13.897583573306624,22.20621844821503,Low
20.5,81.5,1837,5.9603375068045725,45.46,339.8984104518236,47.53127385765657,4.246053347849755,11.499937398272191,22.204087744936924,Low
21.5,82.0,2118,4.359277620396601,46.01,331.70880547686494,47.23822664621059,1.9357884796978282,13.259045949668211,22.185716671986064,Low
25.5,93.0,712,16.84300561797753,171.5,339.36419943820226,48.352419374611756,5.337078651685393,4.45724301990735,22.177965506416477,Low
21.0,82.0,1907,5.29929732564237,48.83,339.01068694284214,47.59353184932273,3.46093340325118,11.938149492926005,22.176684873895987,Low
18.0,80.0,2357,4.2705939753924484,34.34,336.7142172252864,45.88596296614472,1.0182435299109036,14.755227244271943,22.127690351290532,Low
23.5,69.0,206,19.23606796116505,164.78,345.4408737864078,48.63271703730325,10.194174757281553,1.2895955928383624,22.102201454595843,Low
27.0,83.5,1880,5.48472340425532,162.0,330.8192712765957,47.12384765160194,3.5106382978723407,11.769124827845248,21.992905611414212,Low
26.0,93.5,647,17.04531684698609,225.57,333.0089644513137,48.09707273189225,5.4095826893353935,4.05033178915738,21.99139278948963,Low
26.0,93.0,797,13.193074027603512,253.55,338.1215432873275,48.49935094085477,7.528230865746549,4.989357706272693,21.949775319781775,Low
16.0,78.5,1655,7.43638670694864,157.95,335.26658006042294,46.94332555123426,4.7734138972809665,10.36058595217228,21.929274565105988,Low
32.5,76.5,13,22.990000000000002,86.17,336.8946153846154,47.85506613212518,7.6923076923076925,0.08138224614999374,21.861451305274446,Low
29.5,79.5,2175,4.003144827586207,57.77,322.95580689655174,46.29534827211837,1.3333333333333335,13.61587579817203,21.85351981181709,Low
25.5,70.0,11,7.962727272727273,12.47,352.83,50.27483956110732,27.27272727272727,0.06886190058845623,21.841909126380475,Low
19.0,80.0,2326,3.8885167669819434,42.42,334.79109200343936,45.525077387874695,0.7308684436801376,14.561161888068112,21.833016744202286,Low
30.5,75.5,1606,6.609526774595268,90.83,340.97190535491904,47.252934097478544,4.545454545454546,10.053837485914611,21.752305361117745,Low
19.0,81.0,1731,7.915025996533795,281.79,334.730034662045,46.28734443471586,2.657423454650491,10.836359083510704,21.74442751046626,Low
25.5,91.0,939,10.220234291799786,173.45,335.90193823216185,48.24069361865732,8.839190628328009,5.8783022411418555,21.743567999700694,Low
26.5,93.0,552,13.333532608695652,275.11,339.84143115942027,48.87176842873796,9.239130434782608,3.45561537498435,21.740761017593712,Low
24.0,92.0,572,15.46506993006993,299.59,340.85575174825175,48.58591056207718,5.419580419580419,3.580818830599725,21.70259611935355,Low
26.5,83.5,1636,5.71390586797066,95.45,330.9238753056234,47.30175903071782,4.706601466992665,10.241642669337674,21.683162133716362,Low
31.5,75.5,1362,8.40096182085169,114.86,339.8201027900147,47.372952502685905,5.286343612334802,8.526355327407037,21.669975138377392,Low
25.0,92.5,839,12.25533969010727,214.52,338.5050297973778,48.42922849479645,5.721096543504172,5.252284963064981,21.660561811026565,Low
18.0,82.0,1899,5.279905213270142,116.4,332.494728804634,46.26441584682349,3.0542390731964195,11.888068110679855,21.649657097289747,Low
25.5,91.5,1418,7.937433004231313,192.87,335.93635401974615,47.631609895653696,3.596614950634697,8.876925003130086,21.627242698465338,Low
21.5,83.5,2346,2.493759590792839,22.88,317.7849829497016,45.52456964220145,0.4688832054560955,14.686365343683486,21.5887118679421,Low
30.0,74.5,1501,6.806728847435043,47.67,341.1208994003997,47.490298636982665,3.79746835443038,9.396519343933893,21.567531296321683,Low
22.0,79.5,1705,6.787870967741935,72.61,339.364715542522,46.41394121284684,3.0498533724340176,10.673594591210717,21.559482035108832,Low
25.0,76.5,1277,7.132607674236492,76.37,338.6154346123727,47.61267698074492,7.517619420516837,7.994240641041693,21.55273796872829,Low
24.5,93.5,687,13.469039301310042,178.37,338.29225618631733,48.36852263749522,5.676855895196507,4.3007387003881306,21.529620830793093,Low
31.5,76.0,1761,5.358029528676888,67.02,331.26307211811474,46.67869279241221,3.2367972742759794,11.024164266933766,21.525204856473778,Low
18.5,73.0,2083,3.8374987998079693,51.28,323.9142342774844,46.03337985677192,0.9121459433509362,13.039939902341304,21.487048276045247,Low
23.0,77.5,1737,5.820316637881405,123.78,334.5342487046632,46.646151606153516,2.4755325273459987,10.873920120195317,21.471859535549232,Low
18.0,73.0,1736,5.853225806451613,99.43,335.3462096774194,46.62857942526255,2.1889400921658986,10.867659947414548,21.44103493214444,Low
22.5,78.0,1804,4.716768292682927,76.12,334.13950665188474,46.777363967277125,2.106430155210643,11.293351696506823,21.420575104005447,Low
15.0,76.5,2162,2.9077335800185016,58.6,317.78264107308047,45.90326158362315,0.4162812210915819,13.534493552022036,21.390527965478537,Low
18.5,78.0,1694,5.088063754427391,34.76,338.21586776859505,47.04800673521986,2.2432113341204247,10.60473269062226,21.35764143230517,Low
19.0,73.0,1751,5.4871559109080525,104.78,332.3682581382067,46.423911116010586,2.3415191319246147,10.96156253912608,21.3488256074599,Low
31.0,77.0,1632,5.565140931372548,167.79,324.7368566176471,46.72239608862727,3.6764705882352944,10.216601978214598,21.340689509559418,Low
22.5,92.0,83,20.545421686746987,143.27,339.19397590361444,48.32811170272061,3.614457831325301,0.5195943408038062,21.313839900934894,Low
27.0,74.5,5,8.214,14.81,347.5,50.57432462678073,20.0,0.03130086390384374,21.25346540022413,Low
18.5,80.5,2052,3.7018664717348924,31.07,333.495828460039,45.61622457674691,0.7797270955165692,12.845874546137473,21.23442546075443,Low
32.0,75.0,1179,7.798193384223918,129.21,342.4793977947413,47.1096412628176,6.615776081424936,7.380743708526355,21.196675659571675,Low
11.0,76.5,690,13.129695652173913,343.94,331.33010144927533,47.53811782386371,5.6521739130434785,4.319519218730437,21.179400535345458,Low
30.0,75.0,1485,5.852855218855218,36.49,339.0680740740741,47.09889329770491,3.2323232323232323,9.296356579441593,21.159957375673713,Low
30.5,76.0,1273,6.916174391201886,68.54,341.09216810683427,47.14921949758948,5.106048703849176,7.969199949918618,21.09998915797484,Low
19.0,82.5,1048,10.024847328244276,213.62,338.03767175572517,47.030054421833995,4.3893129770992365,6.560661074245649,21.077014428159526,Low
22.5,77.0,1789,3.9509390721073223,59.89,325.43347121296813,46.14175548619526,2.3476802683063163,11.199449104795292,21.04565039169539,Low
31.0,75.5,1265,6.852877470355731,79.53,340.77056126482216,47.0208196327567,4.901185770750988,7.919118567672467,21.005155686942786,Low
25.0,76.0,1148,7.918118466898955,67.56,335.4146254355401,46.788305279354844,5.83623693379791,7.186678352322525,20.960837252627098,Low
27.0,95.5,183,15.551202185792349,160.85,339.0422404371585,48.64710234577443,6.0109289617486334,1.145611618880681,20.94698975307611,Low
25.5,77.0,332,8.872680722891566,45.96,341.672921686747,48.87068850345498,14.156626506024098,2.0783773632152247,20.91294479683386,Low
21.0,81.0,1828,3.182582056892779,27.94,323.6552188183807,46.43287908204535,0.5470459518599562,11.443595843245273,20.9087363453572,Low
25.5,90.5,783,10.784303959131545,215.86,336.3843295019157,47.975844545097495,3.4482758620689653,4.90171528734193,20.875831157936652,Low
27.0,75.0,10,22.444,92.87,331.492,47.5158728152243,0.0,0.06260172780768748,20.864463528959035,Low
29.5,75.5,1139,6.940763827919227,55.79,341.1731870061457,47.590222369605215,4.038630377524144,7.130336797295605,20.858610852173342,Low
30.5,78.0,1574,4.5315374841169,60.24,323.8824523506988,46.48619108885983,2.7954256670902162,9.853511956930012,20.84885853459654,Low
25.0,83.0,1264,5.74626582278481,121.22,334.74972310126583,47.53361672231967,3.6392405063291138,7.912858394891699,20.84857462827228,Low
19.0,83.0,1218,7.359745484400657,175.53,336.81344006568145,46.78918011938713,3.858784893267652,7.624890446976336,20.81198431084909,Low
17.5,82.0,1655,4.52554078549849,141.19,332.1538791540786,46.19171287355645,1.2688821752265862,10.36058595217228,20.769487326138627,Low
15.0,78.5,1551,5.194081237911026,70.02,338.1893874919407,46.145846640288504,2.4500322372662797,9.709527982972329,20.76914182143968,Low
20.5,86.0,1830,2.907153005464481,37.14,318.0638142076503,45.9361421481207,0.6010928961748634,11.456116188806812,20.692976298769192,Low
25.0,94.5,206,13.496699029126214,404.64,334.2845145631068,47.922072444643526,9.223300970873787,1.2895955928383624,20.6792985004865,Low
10.0,77.0,973,7.821891058581706,152.38,327.57597122302155,47.2556868992084,5.344295991778006,6.091148115687993,20.673732436555326,Low
18.5,83.0,1068,8.093867041198502,212.91,337.65256554307115,46.99860047112554,3.2771535580524342,6.685864529861024,20.636229596451187,Low
8.0,93.0,28,10.92357142857143,29.3,343.1303571428571,48.838283509801,14.285714285714285,0.175284837861525,20.633313884416584,Low
30.0,76.0,1203,6.157772236076475,48.58,340.46,47.17373282323003,3.2418952618453867,7.530987855264805,20.626452211335078,Low
18.0,80.5,1644,4.427475669099757,56.03,335.84664233576643,45.8915637612676,1.2773722627737227,10.291724051583824,20.62277889728538,Low
28.5,79.5,1144,6.106660839160839,128.33,334.6236276223776,47.256838918530995,4.195804195804196,7.16163766119945,20.612065749253283,Low
26.5,94.5,639,9.925430359937403,152.27,330.5792018779342,47.750613485373236,4.694835680751173,4.00025040691123,20.444961356146166,Low
12.0,77.5,390,11.562948717948718,304.56,340.03284615384615,47.78222050212905,6.923076923076923,2.4414673844998123,20.440581984355966,Low
23.5,85.0,1942,1.9101390319258496,29.01,309.61125128733266,45.102178870170476,0.0,12.15725554025291,20.399272045003134,Low
23.5,77.5,1105,6.2694117647058825,75.76,331.7704977375566,46.57807726185102,4.886877828054299,6.917490922749468,20.38869814698507,Low
25.5,75.0,19,15.48,70.44,338.15473684210525,48.28980328203675,5.263157894736842,0.11894328283460623,20.374461758099113,Low
27.5,94.0,62,14.445483870967742,109.83,337.78887096774196,48.19291551157352,6.451612903225806,0.38813071240766245,20.359467633934145,Low
16.0,80.5,1100,6.133427272727272,78.08,338.21606363636363,47.45781910546861,1.8181818181818181,6.886190058845624,20.353263091537816,Low
30.5,77.0,1282,4.700670826833074,48.49,325.55100624024965,46.72617374663242,3.0421216848673946,8.025541504945537,20.349473150083966,Low
25.0,91.0,321,12.617538940809968,230.67,335.63660436137076,47.92907516401502,4.361370716510903,2.0095154626267684,20.28253907273856,Low
18.5,77.5,1112,5.537203237410072,31.6,338.76566546762587,47.20919389912148,2.787769784172662,6.961312132214849,20.277604234396033,Low
27.5,96.0,573,10.429668411867365,164.0,333.83767888307153,47.68459063413217,3.4904013961605584,3.587079003380493,20.251428765077474,Low
18.0,73.5,1230,5.960317073170732,88.48,331.5668780487805,46.3682749321724,2.0325203252032518,7.700012520345561,20.245707276760378,Low
26.5,82.5,1027,5.585968841285297,60.57,326.94748782862706,47.040043352395415,4.47906523855891,6.429197445849505,20.210442641294403,Low
34.5,75.0,7,10.944285714285714,19.71,341.33714285714285,47.659017939679686,14.285714285714285,0.04382120946538125,20.17844605213816,Low
27.0,91.5,6,16.41333333333333,35.73,341.28,48.68605125427214,0.0,0.0375610366846125,20.133504809933978,Low
23.5,79.5,924,6.418950216450216,71.06,337.17824675324675,47.08342302249157,4.112554112554113,5.784399649430324,20.11961827389649,Low
30.0,74.0,994,6.276790744466801,63.66,340.6845573440644,47.044224912432924,2.9175050301810868,6.222611744084137,20.113089623130207,Low
29.5,74.0,680,7.357426470588235,143.34,340.8065441176471,48.026989547203684,4.264705882352941,4.256917490922749,20.10658397258279,Low
11.0,78.5,732,8.21743169398907,165.43,341.96857923497265,47.268003350709684,4.098360655737705,4.582446475522724,20.09963399884707,Low
29.5,76.0,913,6.517480832420591,61.5,340.58856516977,47.13896336077372,3.723986856516977,5.715537748841868,20.094589943479875,Low
10.5,92.5,1,15.99,15.99,342.07,48.80684894679836,0.0,0.00626017278076875,20.08538301666006,Low
28.5,76.5,1001,6.369390609390609,107.61,335.72816183816184,46.634868893915936,3.696303696303696,6.2664329535495185,20.080410242499433,Low
13.5,79.0,851,7.244300822561692,490.15,333.0471445358402,46.93702552610056,4.230317273795535,5.327407036434206,20.07509909785589,Low
19.0,80.5,1359,4.948204562178072,178.0,333.22104488594556,45.750221803167,1.545253863134658,8.50757480906473,20.07336874982985,Low
18.5,78.5,1264,4.265806962025316,36.78,333.1867484177215,46.69963322475413,1.5822784810126582,7.912858394891699,20.073150975344586,Low
24.0,82.5,1722,2.0701800232288035,55.24,311.6332113821138,45.365559144616824,0.29036004645760743,10.780017528483786,20.068492249244393,Low
29.5,75.0,998,5.606953907815631,89.15,337.2766332665331,47.03465554418514,3.406813627254509,6.247652435207212,20.041729197383106,Low
14.0,78.5,888,6.308524774774775,68.03,338.96065315315315,46.903322307904254,4.954954954954955,5.559033429322649,20.041221723119232,Low
19.5,83.0,1199,5.669057547956631,81.45,333.93995829858216,46.15297828526308,1.9182652210175146,7.5059471641417295,20.03634527313599,Low
27.0,84.0,1368,3.5549269005847957,78.82,325.91537280701755,46.37420969621209,1.3888888888888888,8.563916364091648,20.034375364331865,Low
26.0,83.0,701,6.962296718972896,141.65,333.294179743224,47.30371148459817,6.276747503566334,4.388381119318893,20.0265002801183,Low
15.5,81.0,6,5.166666666666667,10.76,342.405,49.64520142396401,16.666666666666664,0.0375610366846125,20.025246197989873,Low
22.0,82.0,1271,4.219236821400472,48.28,328.9806687647522,46.621752233860214,1.2588512981904012,7.956679604357081,20.020147656453076,Low
15.5,76.5,1121,4.588563782337198,29.95,338.4071275646744,47.313934211099735,1.4272970561998217,7.017653687241768,20.019907324406987,Low
29.5,78.5,1371,4.054711889132021,68.58,325.6099489423778,46.14130197366309,1.0211524434719184,8.582696882433956,20.016450331973168,Low
24.5,77.0,1034,5.403781431334623,42.11,335.3531237911025,46.60160735042355,4.158607350096712,6.4730186553148865,20.00609111616378,Low
24.5,80.5,882,6.4577097505668934,78.69,335.8334126984127,47.22418155223544,3.2879818594104306,5.521472392638037,20.001675878379668,Low
19.5,80.0,1627,3.501180086047941,23.03,335.14711124769514,44.95768754389971,0.43023970497848807,10.185301114310755,20.000125853462585,Low
28.0,81.5,8,7.245,16.12,342.36875,49.62107494730938,12.5,0.05008138224615,19.99455190144383,Very Low
23.0,80.0,1160,4.52975,53.88,331.798224137931,46.86737174222804,1.810344827586207,7.2618004256917486,19.976329191666327,Very Low
27.5,75.5,39,8.566923076923077,47.51,342.39897435897433,49.257912235097244,10.256410256410255,0.24414673844998122,19.95909014879366,Very Low
29.5,76.5,1015,6.447891625615763,77.18,340.7021773399015,46.51312303586812,2.3645320197044337,6.35407537248028,19.950028918880285,Very Low
30.0,78.0,1310,4.067603053435115,45.46,324.1942824427481,46.26785093649332,1.1450381679389312,8.200826342807062,19.941895598265017,Very Low
21.5,81.5,1196,4.007349498327759,33.13,333.5989548494983,47.172379521596675,0.5852842809364548,7.487166645799424,19.941416718375606,Very Low
29.0,79.0,1184,4.484670608108108,84.34,326.45510979729727,46.599439160588574,1.9425675675675675,7.412044572430199,19.939900600635188,Very Low
25.5,93.5,608,9.238536184210526,176.42,333.3238322368421,47.6429264659204,1.9736842105263157,3.8061850507073993,19.93832553006964,Very Low
24.0,79.0,729,7.335157750342935,65.28,338.08731138545954,46.92348103772921,5.349794238683128,4.563665957180419,19.93204768987122,Very Low
30.0,76.5,962,6.327546777546778,67.16,338.96084199584203,46.729254280394976,2.806652806652807,6.022286215099537,19.931175975275906,Very Low
25.5,84.0,679,7.002356406480119,98.85,336.020206185567,47.40949259835445,5.3019145802650955,4.250657318141981,19.925354927300713,Very Low
22.0,83.0,1650,2.362963636363636,16.49,315.6610484848485,45.27171684010109,0.12121212121212122,10.329285088268437,19.91592210913985,Very Low
18.0,78.0,1109,5.295446348061316,73.2,338.6692786293958,46.557309223758296,1.532912533814247,6.942531613872544,19.872015909047995,Very Low
24.5,80.0,449,8.871893095768375,127.83,337.92592427616927,47.335293866599635,6.45879732739421,2.8108175785651683,19.861980019849536,Very Low
29.0,76.5,1068,5.872977528089888,137.92,336.725936329588,46.28883614962747,2.153558052434457,6.685864529861024,19.85866493127593,Very Low
26.5,90.5,556,6.93226618705036,89.59,335.53661870503595,47.878219317886604,5.755395683453238,3.4806560661074246,19.85210333224841,Very Low
26.0,78.5,757,6.735693527080581,117.7,338.127001321004,47.57374381350557,2.509907529722589,4.738950795041943,19.824501050301095,Very Low
28.0,94.5,84,13.778809523809525,83.95,337.3233333333333,48.01599456754669,2.380952380952381,0.5258545135845749,19.813569828064292,Very Low
16.5,76.5,998,5.693507014028056,55.9,339.4083967935872,46.728030120343526,1.8036072144288577,6.247652435207212,19.790332816804955,Very Low
16.5,81.0,184,7.545,95.48,340.2997282608696,48.338846742337225,10.326086956521738,1.1518717916614498,19.77030745917282,Very Low
13.0,79.0,900,5.541222222222222,43.33,337.70883333333336,46.73619631761305,4.0,5.634155502691874,19.76952751281354,Very Low
32.5,74.0,279,9.444014336917563,70.63,333.18068100358425,47.49958526669433,7.526881720430108,1.746588205834481,19.761178427617512,Very Low
13.0,78.0,672,6.596116071428572,63.54,340.66541666666666,47.052110665338844,5.803571428571429,4.206836108676599,19.758861620139754,Very Low
28.5,95.0,16,7.1537500000000005,28.66,338.284375,48.94444866541448,12.5,0.1001627644923,19.758136575699748,Very Low
29.5,74.5,878,5.604692482915717,46.89,333.2505466970387,46.8595609666364,3.758542141230068,5.496431701514962,19.752267295091066,Very Low
18.5,79.5,1275,3.6707607843137255,29.27,327.8597725490196,46.23759472352859,0.8627450980392156,7.981720295480155,19.751915314591717,Very Low
24.0,69.5,40,7.78775,24.23,336.8675,48.41786474606334,12.5,0.25040691123074993,19.74539851325453,Very Low
24.5,81.0,762,6.58248031496063,72.59,335.12733595800523,47.101466620079286,3.4120734908136483,4.770251658945787,19.73162287203909,Very Low
31.0,76.0,663,6.669336349924585,78.19,336.32247360482654,47.04286691664739,5.580693815987934,4.150494553649681,19.727360030271146,Very Low
31.0,76.5,1160,4.374362068965517,49.87,323.42560344827587,46.149234390021185,2.0689655172413794,7.2618004256917486,19.72168200541537,Very Low
25.5,73.0,39,9.013846153846155,36.05,340.3184615384615,48.32115265261533,10.256410256410255,0.24414673844998122,19.715096993881698,Very Low
19.0,78.5,1301,3.645357417371253,23.07,329.92886241352807,45.973274025776966,0.7686395080707148,8.144484787780144,19.702192710825404,Very Low
18.5,82.0,1076,4.818736059479554,61.33,332.6321468401487,46.28086016334994,2.2304832713754648,6.735945912107175,19.68324804137736,Very Low
25.0,92.0,437,10.559565217391304,229.88,335.81210526315795,47.37303292707301,1.6018306636155606,2.7356955051959435,19.679919609685935,Very Low
21.0,79.0,1113,4.645956873315364,33.16,329.5431266846361,46.12840044773732,2.15633423180593,6.967572304995617,19.6711165283959,Very Low
26.0,92.0,493,8.612292089249491,126.18,335.2766328600406,47.731891571608315,2.636916835699797,3.0862651809189936,19.666289294368504,Very Low
28.0,80.5,786,5.897709923664123,181.05,334.00469465648854,47.287633484611554,2.7989821882951653,4.920495805684237,19.659548812343385,Very Low
30.0,79.0,1135,4.640290748898678,74.0,320.5457973568282,46.270942761868376,0.9691629955947136,7.10529610617253,19.649429200740684,Very Low
32.5,74.5,982,5.634551934826884,29.9,336.71504073319755,46.11768957719808,2.8513238289205702,6.147489670714911,19.635364399595115,Very Low
22.0,85.0,1391,3.5896117900790796,78.13,324.6370884255931,45.25527694105457,0.7189072609633357,8.707900338049331,19.63265433618025,Very Low
13.0,78.5,830,5.8273012048192765,72.31,338.8482048192771,46.70479971515352,3.734939759036145,5.195943408038062,19.632346020116064,Very Low
22.5,75.5,754,6.455450928381962,56.21,335.2503713527851,46.659011057029474,4.376657824933687,4.720170276699637,19.63185415471985,Very Low
25.0,94.0,558,7.219569892473118,64.32,336.98609318996415,47.90260718442768,2.867383512544803,3.493176411668962,19.6301374048019,Very Low
17.5,73.5,1010,5.2341386138613855,64.67,331.3120891089109,46.4048578972746,1.782178217821782,6.322774508576437,19.615164089708692,Very Low
28.5,95.5,159,9.922389937106919,72.29,334.20383647798747,48.10458613659054,5.660377358490567,0.9953674721422312,19.613126337741743,Very Low
17.5,81.0,1411,3.216661941885188,70.15,328.15603827073,45.346174866699535,0.42523033309709424,8.833103793664705,19.608931759456823,Very Low
29.5,73.0,45,8.072444444444445,24.36,342.6575555555556,47.60566418020634,13.333333333333334,0.2817077751345937,19.608844694215094,Very Low
17.5,80.5,1307,3.697620504973221,47.84,331.4430145371079,45.67051347466442,0.5355776587605203,8.182045824464755,19.595874751054392,Very Low
27.0,92.0,218,8.567385321100918,65.67,332.40678899082565,47.92484025126703,7.339449541284404,1.3647176662075873,19.593105455619177,Very Low
23.0,75.5,680,6.193911764705882,61.24,333.84667647058825,46.9207840607443,5.147058823529411,4.256917490922749,19.58929406889125,Very Low
23.5,78.0,881,5.66405221339387,138.64,331.1422360953462,46.26360767510927,3.9727582292849033,5.515212219857268,19.58281829394608,Very Low
22.0,79.0,826,6.608341404358353,45.51,335.7165859564165,46.4056635500321,2.9055690072639226,5.170902716914987,19.582522491703763,Very Low
21.0,82.5,969,4.192703818369453,19.37,337.00792569659444,47.31746602844489,1.0319917440660475,6.066107424564918,19.574281897976494,Very Low
24.0,79.5,345,8.604608695652175,71.44,339.1295072463768,47.312858632686826,6.3768115942028984,2.1597596093652185,19.567898372368994,Very Low
28.0,80.0,869,5.4191369390103565,64.82,333.5534062140391,47.04208261661394,1.726121979286536,5.440090146488043,19.55836566573384,Very Low
17.5,73.0,775,5.465496774193548,86.29,334.5647870967742,46.832234924094585,4.387096774193548,4.85163390509578,19.55375697808009,Very Low
12.5,78.5,672,7.281696428571429,131.03,338.8020833333333,46.633160963182775,3.869047619047619,4.206836108676599,19.547437630656255,Very Low
24.5,77.5,858,4.963857808857808,71.75,336.95109557109555,47.08167684450787,2.564102564102564,5.371228245899587,19.546479184638237,Very Low
25.0,75.5,710,6.620521126760563,101.11,336.0407605633803,46.924125676667764,3.2394366197183095,4.444722674345812,19.545493713951718,Very Low
24.0,80.0,310,9.184225806451613,86.05,341.29474193548384,47.122642901793256,6.451612903225806,1.9406535620383123,19.540890866913923,Very Low
21.5,85.0,1335,3.558704119850187,75.61,320.52808239700374,45.37036840113212,0.5243445692883896,8.35733066232628,19.524980342764486,Very Low
18.0,81.5,1139,4.396971027216857,66.11,332.7006672519754,45.88860864511526,1.2291483757682178,7.130336797295605,19.50471196526617,Very Low
26.0,78.0,623,6.518940609951846,67.78,336.8855377207063,47.578466358549946,2.568218298555377,3.9000876424189306,19.497705551681204,Very Low
30.5,76.5,797,5.385131744040151,117.2,335.0229485570891,46.88934467023519,3.262233375156838,4.989357706272693,19.49438051816283,Very Low
24.0,91.5,133,11.20639097744361,86.6,338.86541353383456,48.210245805000724,2.2556390977443606,0.8326029798422436,19.493630405975463,Very Low
27.0,96.0,145,9.822068965517241,55.78,337.74586206896555,48.14209873060116,4.827586206896552,0.9077250532114686,19.493474851254543,Very Low
23.0,78.0,1059,4.743352219074599,104.27,330.9071671388102,46.114392344959924,1.41643059490085,6.629522974834106,19.492183952452244,Very Low
11.5,77.0,159,7.182264150943396,45.35,334.09930817610064,47.906657389462254,10.062893081761008,0.9953674721422312,19.469871749234255,Very Low
20.5,81.0,924,4.582326839826839,44.39,337.12411255411257,47.0320777677935,1.1904761904761905,5.784399649430324,19.4647661013504,Very Low
11.0,79.0,620,6.757887096774194,60.52,337.9961451612903,47.15634243478708,3.225806451612903,3.8813071240766246,19.45399017504329,Very Low
13.5,78.0,746,5.5871581769437,47.23,334.8549463806971,46.71123766222204,4.1554959785522785,4.670088894453487,19.447538929761883,Very Low
24.0,80.5,870,5.11851724137931,73.26,328.553,46.47974962252588,3.103448275862069,5.446350319268812,19.445056420636384,Very Low
21.0,85.0,1383,2.903123644251627,66.85,317.5623210412148,45.25657503680869,0.28922631959508316,8.65781895580318,19.44378094259731,Very Low
26.5,91.0,262,9.28236641221374,161.93,338.32385496183207,48.16993891450985,2.6717557251908395,1.6401652685614123,19.442705600805198,Very Low
14.0,78.0,716,6.206284916201117,62.74,335.33272346368716,46.526601978073884,4.050279329608938,4.4822837110304246,19.422852599432975,Very Low
24.5,75.0,199,10.892412060301508,261.3,341.5854271356784,46.95920007631638,5.025125628140704,1.245774383372981,19.41839957368797,Very Low
14.5,79.0,491,7.982953156822811,101.89,341.0183299389002,46.642683330419466,5.091649694501019,3.0737448353574557,19.408051445337783,Very Low
23.5,85.5,1435,2.177665505226481,33.98,311.1832961672474,45.24002374187107,0.20905923344947736,8.983347940403155,19.407761895708475,Very Low
23.5,84.5,1415,2.3273851590106007,20.69,314.102812720848,45.29914229266463,0.0706713780918728,8.85814448478778,19.3988908270215,Very Low
17.0,73.5,909,5.417513751375138,36.6,333.7735093509351,46.12582175768862,2.42024202420242,5.690497057718793,19.394424169829676,Very Low
18.5,81.0,1174,3.8895996592844977,365.74,328.4503662691652,45.74721434296315,0.6814310051107325,7.349442844622511,19.381922492535875,Very Low
24.5,83.5,734,5.901430517711171,204.96,332.3596866485014,46.81515646847181,2.7247956403269753,4.594966821084262,19.37352628989314,Very Low
29.0,76.0,840,5.777642857142857,66.91,339.3192738095238,46.54206326114638,1.5476190476190477,5.258545135845749,19.369247563240073,Very Low
23.5,69.5,48,11.128124999999999,61.43,343.5420833333333,47.875095567501425,4.166666666666666,0.3004882934769,19.366502500798916,Very Low
22.5,78.5,1003,3.7221036889332004,24.87,330.5331605184447,46.72639806088736,1.0967098703888334,6.278953299111055,19.360059878432146,Very Low
22.5,75.0,622,6.815434083601286,72.63,338.19279742765275,46.50820128761633,4.340836012861737,3.893827469638162,19.353825519163674,Very Low
27.5,96.5,34,7.948235294117647,25.58,335.35970588235296,48.26850663752151,8.823529411764707,0.21284587454613746,19.342447542222505,Very Low
22.5,68.5,2,12.085,12.23,340.525,48.76681093759666,0.0,0.0125203455615375,19.34072126228842,Very Low
23.5,80.0,700,5.607828571428572,68.1,337.0350142857143,47.047545634964244,2.857142857142857,4.382120946538125,19.33850177657906,Very Low
18.0,77.5,834,5.081666666666666,41.41,337.7651918465228,46.82167036552699,1.6786570743405276,5.220984099161137,19.336455747856597,Very Low
26.5,92.0,222,8.889099099099099,52.32,338.8611261261261,48.049117471278095,3.6036036036036037,1.3897583573306622,19.332157180159314,Very Low
18.0,81.0,1301,3.2779323597232897,18.57,331.9748808608762,45.06607206422896,0.9223674096848578,8.144484787780144,19.33109126775993,Very Low
17.0,81.0,1110,3.873117117117117,54.85,332.5123873873874,45.912540166455095,0.990990990990991,6.948791786653312,19.327421430336692,Very Low
19.5,73.0,707,6.071824611032532,41.67,336.3087270155587,46.41756957263382,3.818953323903819,4.425942156003506,19.316605354857124,Very Low
23.0,91.5,190,9.210368421052632,67.43,339.18631578947367,48.293535049214555,2.631578947368421,1.1894328283460625,19.310678571361723,Very Low
26.0,79.0,674,5.182418397626113,44.06,336.9453560830861,47.36579265951102,2.8189910979228485,4.219356454238137,19.309270049296984,Very Low
11.5,76.0,66,10.735909090909091,71.65,335.9737878787879,47.23694102758224,6.0606060606060606,0.4131714035307374,19.298375469120398,Very Low
16.5,73.5,887,4.884960541149944,35.99,333.53432919954906,46.251990881229844,2.480270574971815,5.55277325654188,19.29644024125643,Very Low
27.0,96.5,20,6.406499999999999,20.11,337.7445,48.710288552676914,10.0,0.12520345561537496,19.294710635993503,Very Low
25.5,85.0,94,11.587553191489361,166.39,334.64489361702124,47.40573107604698,3.1914893617021276,0.5884562413922624,19.29171547596071,Very Low
19.0,83.5,902,4.853359201773835,95.05,335.91947893569846,46.48340021176682,1.3303769401330376,5.646675848253412,19.289379523001255,Very Low
19.0,84.0,627,5.602472089314195,102.98,333.563014354067,47.016251344332744,3.9872408293460926,3.925128333542006,19.279605922769992,Very Low
24.0,69.0,42,7.373809523809523,30.83,343.9478571428571,48.823086463528455,7.142857142857142,0.26292725679228746,19.278210995332486,Very Low
18.5,83.5,773,5.144799482535576,39.88,336.2451746442432,46.88781416130089,2.069857697283312,4.839113559534243,19.276919393963365,Very Low
28.0,81.0,411,6.436788321167883,109.77,335.07128953771286,47.65280376472129,4.866180048661801,2.572931012895956,19.273597727535098,Very Low
32.0,76.0,894,4.7418008948545864,66.29,324.92554809843404,46.42768442408135,1.6778523489932886,5.596594466007262,19.266162245151204,Very Low
13.5,78.5,604,5.878079470198676,103.46,337.40892384105956,46.588855355038824,5.298013245033113,3.7811443595843244,19.262422578841463,Very Low
14.5,78.5,866,5.207644341801386,55.67,335.5808429561201,46.21681788235945,2.0785219399538106,5.421309628145736,19.258499648833233,Very Low
21.5,81.0,828,4.128852657004831,23.27,336.16914251207726,47.293066735225636,1.0869565217391304,5.183423062476524,19.25031634250364,Very Low
9.5,77.5,636,6.119355345911949,46.81,338.9976886792453,46.820544576636244,3.1446540880503147,3.981469888568925,19.243571337991433,Very Low
22.0,80.0,945,5.045354497354497,81.08,335.76786243386243,45.91827459612699,1.4814814814814816,5.9158632778264675,19.236942787082512,Very Low
27.0,81.0,267,7.885805243445693,149.41,338.30187265917607,47.77009518043205,4.49438202247191,1.671466132465256,19.233889825236584,Very Low
20.0,80.0,1246,3.3690690208667733,22.07,335.9123274478331,45.257354106330446,0.2407704654895666,7.800175284837861,19.22647530295354,Very Low
25.0,82.0,168,7.518392857142857,40.76,340.10107142857146,47.7481966529519,7.142857142857142,1.0517090271691498,19.205206697111254,Very Low
22.0,84.5,1373,1.936991988346686,28.35,310.1218281136198,45.19114403130105,0.14566642388929352,8.595217227995493,19.203302497421895,Very Low
21.5,87.0,896,3.9540066964285714,32.86,334.8575892857143,46.910155544148935,0.4464285714285714,5.6091148115688,19.168423931418705,Very Low
26.5,84.0,566,5.254310954063604,54.88,334.7823144876325,47.39309618321311,3.53356890459364,3.543257793915112,19.167141390264288,Very Low
25.0,75.0,57,9.373684210526315,48.2,342.81298245614033,47.37155234959455,7.017543859649122,0.3568298485038187,19.165819053881325,Very Low
24.0,77.5,724,4.894723756906077,42.95,334.49972375690606,46.88692169533354,2.4861878453038675,4.532365093276574,19.163947129185917,Very Low
25.5,84.5,313,6.963674121405751,43.89,338.94412140575076,47.41762281399681,5.7507987220447285,1.9594340803806187,19.16390139656611,Very Low
28.5,76.0,563,7.561296625222025,167.22,337.7757904085257,46.66067624784136,1.7761989342806392,3.5244772755728055,19.161429241494794,Very Low
16.0,77.0,745,5.619409395973155,27.34,337.7461476510067,46.8251824471475,0.8053691275167786,4.663828721672718,19.156268347411622,Very Low
19.0,73.5,666,5.661186186186186,52.74,333.4018768768769,46.66512872475576,3.003003003003003,4.169275071991986,19.154759278303878,Very Low
26.5,76.0,13,4.6838461538461535,8.97,338.36846153846153,47.72737344473122,15.384615384615385,0.08138224614999374,19.150529238441035,Very Low
34.0,75.0,37,10.192702702702702,74.14,327.11594594594595,47.42447672097164,5.405405405405405,0.23162639288844372,19.133010246468512,Very Low
16.0,76.5,657,5.298401826484018,109.13,339.59572298325725,47.03885898351,2.28310502283105,4.112933516965069,19.125772885620933,Very Low
23.5,74.0,289,7.5779930795847745,46.83,337.4343598615917,46.78727015446834,6.920415224913495,1.8091899336421684,19.122941541175184,Very Low
10.5,78.5,326,6.754938650306749,42.05,340.2349693251534,47.55236035499676,4.9079754601226995,2.0408163265306123,19.116088242816502,Very Low
25.0,79.0,142,8.690985915492957,41.22,339.34521126760563,47.4460419050363,5.633802816901409,0.8889445348691624,19.111636514874373,Very Low
25.5,71.5,8,14.8175,24.03,350.3825,46.60164929633317,0.0,0.05008138224615,19.108861041854425,Very Low
18.0,79.5,820,4.782426829268293,47.53,336.4476585365854,46.8181871132963,0.24390243902439024,5.133341680230375,19.104928866307706,Very Low
27.5,93.5,73,8.888219178082192,42.37,336.6347945205479,48.18539558807958,4.10958904109589,0.4569926129961187,19.103819922162295,Very Low
18.0,79.0,661,4.470574886535553,23.72,337.52024205748864,47.63554021901534,1.361573373676248,4.137974208088143,19.09586662284069,Very Low
22.5,76.0,853,4.715720984759672,43.72,330.61914419695194,46.113825145375095,1.875732708089097,5.339927381995743,19.081371716445755,Very Low
29.5,80.0,1069,3.1965388213283443,84.9,319.5326192703461,45.91979923375281,0.6548175865294669,6.6921247026417925,19.07953988638092,Very Low
30.5,77.5,803,4.496214196762142,85.7,323.4575466998755,46.44865028415448,2.1170610211706102,5.026918742957306,19.07194614921527,Very Low
20.5,80.0,1109,3.7731920649233546,24.48,334.7331650135257,45.41003096625147,0.36068530207394045,6.942531613872544,19.06756894928746,Very Low
28.0,95.5,192,6.91,33.08,336.3170833333333,48.080994078615824,5.208333333333334,1.2019531739076,19.06664362340001,Very Low
22.0,76.0,524,6.668091603053435,69.99,336.83488549618323,46.69105994551378,3.2442748091603053,3.2803305371228246,19.065794686035474,Very Low
24.5,79.5,275,8.07549090909091,95.3,337.2746909090909,47.134155347692996,4.363636363636364,1.721547514711406,19.05136253550217,Very Low
20.0,82.0,849,4.853050647820965,54.44,335.868445229682,45.92997784192997,2.0023557126030624,5.314886690872668,19.046695460337176,Very Low
22.5,76.5,860,4.736302325581396,75.28,329.70318604651163,45.98413308592483,1.744186046511628,5.383748591461124,19.042024690631038,Very Low
26.5,74.0,3,11.36,19.47,335.43,48.244407503690866,0.0,0.01878051834230625,19.02401256880052,Very Low
29.0,80.0,1015,3.2465714285714284,29.14,320.7520689655172,46.05679463167909,0.6896551724137931,6.35407537248028,19.022044236409766,Very Low
25.5,77.5,386,7.329663212435233,83.4,337.6921502590674,47.029118108568966,3.3678756476683938,2.4164266933767373,19.018263919960443,Very Low
13.0,77.0,702,5.226467236467236,64.1,338.2460113960114,46.32351397313545,2.849002849002849,4.394641292099662,19.01708988947217,Very Low
24.5,79.0,411,6.838004866180049,50.01,337.0963260340632,46.83439594611562,4.37956204379562,2.572931012895956,19.01378828321314,Very Low
26.5,72.5,10,11.279,81.71,343.701,48.212270285684944,0.0,0.06260172780768748,19.012900941370464,Very Low
13.5,77.5,653,5.371960183767228,53.39,336.9673506891271,46.55118808320131,2.756508422664625,4.087892825841993,19.007468642515413,Very Low
24.5,84.0,527,5.256242884250474,53.96,332.60986717267554,47.125990670629214,3.6053130929791273,3.2991110554651306,18.99574008072232,Very Low
32.0,74.5,197,7.845228426395939,40.94,342.20670050761424,47.08097620581173,6.091370558375635,1.2332540378114436,18.99140787633773,Very Low
32.0,75.5,654,5.694434250764526,48.24,334.3376605504587,46.44122766330945,2.293577981651376,4.094152998622762,18.985398242468047,Very Low
24.0,71.0,28,6.665,26.98,343.59714285714284,48.45203032721471,7.142857142857142,0.175284837861525,18.984646366486476,Very Low
19.5,82.5,452,7.403053097345133,231.31,334.21546460176995,46.55407633377826,3.0973451327433628,2.8295980969074748,18.983329095739634,Very Low
24.5,78.0,259,7.212239382239383,61.86,336.0726254826255,47.28858042205353,5.019305019305019,1.6213847502191059,18.973917412507085,Very Low
16.0,73.5,568,5.471954225352113,64.47,336.10214788732395,46.80167223890849,3.169014084507042,3.5557781394766494,18.968914101612167,Very Low
14.0,79.0,366,6.892978142076503,63.62,338.9386338797814,46.954451178105586,4.371584699453552,2.291223237761362,18.966728826709137,Very Low
21.0,83.0,711,4.46492264416315,31.85,337.66931082981716,46.81123202301803,1.8284106891701828,4.45098284712658,18.962534770263755,Very Low
29.0,73.5,278,7.028956834532374,46.33,341.1445323741007,47.7247661519151,3.237410071942446,1.7403280330537123,18.95562699212464,Very Low
20.5,70.0,80,6.338,49.64,340.349375,48.11597025143456,7.5,0.5008138224614999,18.955307671619035,Very Low
17.5,83.0,905,3.651436464088398,35.25,320.25298342541436,46.216309410560626,1.1049723756906076,5.665456366595718,18.95436927111533,Very Low
13.0,77.5,556,5.524730215827338,90.76,337.12910071942446,46.821220288672954,3.0575539568345325,3.4806560661074246,18.948221490720346,Very Low
23.0,82.0,1093,2.7047666971637696,17.47,318.71268984446476,45.761617898986536,0.2744739249771272,6.842368849380243,18.946438120727546,Very Low
31.0,77.5,581,5.4236833046471595,74.5,322.7255077452668,46.69596408168115,3.098106712564544,3.6371603856266437,18.944250438189997,Very Low
23.5,86.5,1202,2.1870881863560734,54.62,312.1617387687188,45.34574771285203,0.24958402662229617,7.524727682484037,18.940069000599244,Very Low
24.0,81.5,303,6.244224422442244,45.34,342.28125412541254,47.73617355037905,3.9603960396039604,1.896832352572931,18.939426337398245,Very Low
20.5,84.5,1123,2.850721282279608,39.73,317.4989759572573,45.524640285699746,0.08904719501335707,7.030174032803306,18.938075951792467,Very Low
27.5,93.0,22,7.857272727272728,48.06,338.48,48.444975015427076,4.545454545454546,0.13772380117691246,18.933040593021015,Very Low
18.5,82.5,579,5.535682210708117,77.69,333.1679101899827,46.512228778208254,3.454231433506045,3.6246400400651058,18.932191928287313,Very Low
27.0,93.0,103,8.399805825242717,31.49,336.26067961165046,48.103401128838094,2.912621359223301,0.6447977964191812,18.929497854182333,Very Low
22.5,71.5,133,9.184586466165413,41.38,343.3724812030075,47.89117592444418,1.5037593984962405,0.8326029798422436,18.927342054515282,Very Low
31.0,78.0,269,7.218624535315985,71.51,330.02185873605947,47.35326915557813,4.089219330855019,1.6839864780267937,18.92665878744908,Very Low
28.0,73.0,769,3.4268140442132635,11.03,345.68200260078027,47.42390933590137,0.0,4.814072868411168,18.926393574477014,Very Low
26.0,84.5,310,6.832,129.0,337.27906451612904,47.36485598174114,3.870967741935484,1.9406535620383123,18.92616584266419,Very Low
28.5,80.5,154,8.418766233766235,133.64,332.5166233766234,47.466853596871694,3.896103896103896,0.9640666082383873,18.920356798206214,Very Low
27.0,92.5,157,8.543949044585986,63.62,331.1127388535032,47.58127135575283,3.1847133757961785,0.9828471265806935,18.9193298218067,Very Low
19.5,84.0,669,5.468071748878923,93.79,332.9157399103139,46.328600294878456,2.092675635276532,4.188055590334294,18.91627357148915,Very Low
27.0,93.5,141,8.07418439716312,67.85,336.1635460992908,48.00712011314901,2.8368794326241136,0.8826843620883937,18.91037721775982,Very Low
29.0,74.0,253,7.170316205533597,40.76,340.74454545454546,47.8052594379204,2.766798418972332,1.5838237135344935,18.908490449709298,Very Low
25.0,88.0,200,7.1345,86.71,336.0094,47.8031838700233,4.0,1.2520345561537498,18.908236435252533,Very Low
17.5,78.0,713,4.5958204768583455,65.1,335.36058906030854,46.76956038231678,1.1220196353436185,4.463503192688118,18.90625791101498,Very Low
20.5,82.0,744,4.404610215053764,42.0,337.5796370967742,46.54409668517118,1.478494623655914,4.657568548891949,18.895032140355667,Very Low
23.0,87.0,782,4.180166240409207,39.04,328.6862659846547,46.41626354903991,1.4066496163682864,4.895455114561162,18.884245619666714,Very Low
20.0,83.5,916,4.5239301310043665,66.63,333.5279912663756,45.41632179647316,1.3100436681222707,5.734318267184174,18.88272064205715,Very Low
27.0,72.0,462,7.222316017316017,102.05,346.4001515151515,47.184186742787304,0.0,2.892199824715162,18.88212545046359,Very Low
13.5,76.5,456,6.396162280701755,138.49,334.9087061403509,46.46333847017936,4.166666666666666,2.8546387880305497,18.87830709169041,Very Low
27.5,81.5,387,6.361343669250647,64.13,336.05979328165375,47.06282522337268,3.6175710594315245,2.4226868661575063,18.875500418673866,Very Low
26.5,93.5,201,7.403034825870646,100.49,333.4270646766169,47.54187361663425,3.9800995024875623,1.2582947289345185,18.867373973970892,Very Low
9.0,77.5,445,6.153370786516854,29.65,339.08492134831465,47.09076824369224,2.4719101123595504,2.7857768874420934,18.858766248114872,Very Low
33.0,74.0,739,4.1592692828146145,45.82,322.8407577807848,46.42334367061839,2.029769959404601,4.626267684988106,18.850898427491558,Very Low
24.5,92.5,79,7.931139240506329,63.58,337.03164556962025,48.01395655470925,3.79746835443038,0.4945536496807312,18.84613826424895,Very Low
14.0,77.5,575,5.708208695652173,49.87,335.64245217391306,46.330866721113125,2.9565217391304346,3.599599348942031,18.842557519372527,Very Low
21.0,73.5,481,6.388523908523909,65.74,337.3907276507277,46.520084075133816,2.9106029106029108,3.0111431075497683,18.825904719499647,Very Low
26.0,84.0,410,5.123048780487805,27.7,335.60995121951214,47.21119931588778,4.390243902439024,2.5666708401151874,18.822705978473678,Very Low
16.5,77.0,434,6.534608294930876,35.51,338.9174423963134,46.945135049993844,2.0737327188940093,2.716914986853637,18.815420913214528,Very Low
23.0,87.5,745,3.5059060402684565,21.74,333.0330201342282,47.06532441676135,0.4026845637583893,4.663828721672718,18.80341481292022,Very Low
24.0,73.5,537,5.4856052141527005,78.15,332.26856610800746,46.51601703735399,3.165735567970205,3.361712783272818,18.803245894427018,Very Low
24.5,76.0,403,7.010769230769231,69.53,330.5871712158809,46.49634406907744,3.225806451612903,2.522849630649806,18.794988247796347,Very Low
28.0,94.0,34,11.42764705882353,106.79,337.14235294117645,47.346872605227816,0.0,0.21284587454613746,18.790493347460767,Very Low
12.5,77.5,583,5.312109777015437,39.59,337.3831217838765,46.395385180608976,2.7444253859348198,3.649680731188181,18.78712314541333,Very Low
9.5,76.5,223,5.769551569506726,33.24,334.509865470852,47.6429236619062,5.381165919282512,1.396018530111431,18.784500611244177,Very Low
21.0,78.0,187,8.069197860962568,86.47,337.30096256684493,46.79279809643945,4.81283422459893,1.1706523100037562,18.782812964747727,Very Low
9.0,77.0,140,7.950428571428571,56.79,336.39792857142857,47.50086119867413,3.571428571428571,0.8764241893076249,18.78122557046264,Very Low
25.0,88.5,152,6.611578947368422,41.36,339.09032894736845,47.83281632202376,4.605263157894736,0.9515462626768498,18.775828197862356,Very Low
32.0,76.5,329,6.5702127659574465,103.97,327.0063221884499,47.106303476316484,3.343465045592705,2.0595968448729183,18.775423528543314,Very Low
32.5,75.0,661,4.399621785173979,110.59,325.41635400907717,46.3686149676505,2.723146747352496,4.137974208088143,18.775284568799112,Very Low
17.0,81.5,776,4.371701030927835,40.72,332.2323067010309,46.064160180387205,1.2886597938144329,4.857894077876549,18.772008849024115,Very Low
25.5,79.0,466,5.795965665236052,47.87,334.3899356223176,46.92042896073974,2.3605150214592276,2.917240515838237,18.76694712432667,Very Low
23.5,78.5,408,6.305343137254901,57.77,333.7562254901961,46.54672963181896,3.9215686274509802,2.5541504945536495,18.76076953830191,Very Low
17.0,73.0,263,7.988935361216731,108.73,337.8609885931559,46.47480758496001,4.182509505703422,1.6464254413421813,18.759941789804863,Very Low
24.5,78.5,179,6.363631284916201,37.19,334.29888268156424,46.98922942774017,7.262569832402235,1.1205709277576061,18.758930498956424,Very Low
28.5,80.0,448,5.776205357142857,96.52,331.96053571428575,47.04436140369477,2.232142857142857,2.8045574057844,18.75433881729584,Very Low
10.0,77.5,628,4.531146496815286,29.67,327.55444267515924,46.806714071117476,1.4331210191082804,3.931388506322774,18.75199453047441,Very Low
25.0,77.5,311,7.052926045016077,52.5,339.13903536977494,46.81907182302991,3.536977491961415,1.946913734819081,18.745393943701156,Very Low
22.5,85.5,1070,2.755626168224299,27.88,319.19322429906543,45.32070982660721,0.1869158878504673,6.698384875422561,18.742514743545573,Very Low
24.5,88.0,24,4.559583333333333,13.13,340.29041666666666,47.38305725805722,12.5,0.15024414673845,18.74233867303837,Very Low
17.0,80.0,605,5.646214876033058,46.76,338.058694214876,46.540610549117076,0.6611570247933884,3.7874045323650933,18.740529009750468,Very Low
11.5,78.0,183,7.750054644808743,143.74,333.91081967213114,46.988589358698334,4.371584699453552,1.145611618880681,18.73855807226789,Very Low
18.5,79.0,666,4.005015015015015,37.38,334.73921921921925,46.829070039563916,1.3513513513513513,4.169275071991986,18.736164950466936,Very Low
12.5,79.0,441,5.475374149659864,42.96,337.0142176870748,46.78596851516954,3.6281179138321997,2.7607361963190185,18.731705307957895,Very Low
17.5,76.0,322,7.27888198757764,181.79,336.72149068322983,46.8660968927677,2.484472049689441,2.0157756354075373,18.723108305821928,Very Low
23.0,77.0,600,5.642166666666667,75.43,333.20855,46.27222281870957,1.5,3.75610366846125,18.71876258408289,Very Low
13.5,80.0,47,6.818936170212766,22.94,342.751914893617,47.707934418921944,6.382978723404255,0.2942281206961312,18.71874384002265,Very Low
26.0,82.5,332,5.008072289156627,75.17,334.46710843373495,47.568102316386366,3.91566265060241,2.0783773632152247,18.707683896983486,Very Low
23.0,76.0,394,6.091979695431472,52.96,336.3625126903553,46.545995300190874,4.060913705583756,2.466508075622887,18.70373091312398,Very Low
26.5,92.5,124,7.2841129032258065,108.74,333.0320161290323,47.35809002220957,4.838709677419355,0.7762614248153249,18.69788136027398,Very Low
16.5,79.0,223,6.757578475336323,36.1,340.0760538116592,46.98932044793959,4.932735426008969,1.396018530111431,18.696316451148828,Very Low
17.5,82.5,595,5.135411764705883,54.1,332.90640336134453,46.403620828735356,1.8487394957983194,3.724802804557406,18.693569378629686,Very Low
17.5,79.5,570,4.831964912280702,20.88,336.8583684210526,47.03047965588509,0.7017543859649122,3.568298485038187,18.686547994450134,Very Low
25.0,81.5,378,5.076084656084656,123.64,332.81714285714287,47.35177064629224,3.1746031746031744,2.366345311130587,18.67141432133647,Very Low
25.5,83.5,500,4.25152,71.91,331.00402,47.251455777700535,2.4,3.130086390384375,18.671409628345977,Very Low
23.0,79.0,408,6.133872549019608,51.83,334.64132352941175,46.79691367484659,2.450980392156863,2.5541504945536495,18.66909576436731,Very Low
12.0,78.5,285,6.401473684210527,98.23,336.9843859649123,46.92042418616965,4.2105263157894735,1.7841492425190935,18.66899849126475,Very Low
23.5,77.0,389,5.517866323907454,36.61,332.9598457583548,46.618959136036835,4.627249357326478,2.4352072117190433,18.6672044025229,Very Low
24.0,77.0,561,5.395294117647059,103.3,333.5540106951871,46.357897981601965,1.9607843137254901,3.511956930011268,18.663046141153185,Very Low
17.5,77.0,473,5.648393234672304,34.4,337.33040169133193,46.35982888511446,3.171247357293869,2.9610617253036184,18.63945328409001,Very Low
16.0,77.5,482,5.275394190871369,51.14,338.39473029045644,47.04519812408969,1.2448132780082988,3.017403280330537,18.63640905429385,Very Low
22.0,72.0,172,7.594709302325581,35.92,344.4862790697674,47.09743880650983,3.488372093023256,1.076749718292225,18.63507926367316,Very Low
24.0,76.5,90,7.226222222222223,26.26,338.8066666666667,47.213968170494134,5.555555555555555,0.5634155502691874,18.633763075293164,Very Low
21.0,85.5,583,6.433173241852487,226.92,331.71138936535164,45.74389070398251,1.3722126929674099,3.649680731188181,18.632265391133696,Very Low
22.0,70.5,159,5.9098113207547165,42.4,338.87962264150946,47.24646997076157,6.289308176100629,0.9953674721422312,18.6226502970422,Very Low
15.0,78.0,577,5.07209705372617,24.6,334.2955979202773,46.03132164812394,2.946273830155979,3.6121196945035683,18.621696930467568,Very Low
15.5,79.5,459,5.937124183006536,34.57,340.9724183006536,46.585650580717214,1.9607843137254901,2.8734193063728557,18.620954988327156,Very Low
24.0,74.0,681,4.8832158590308365,47.54,332.5505139500734,45.921586832872826,1.3215859030837005,4.263177663703519,18.613244480445115,Very Low
25.5,82.5,374,4.976256684491978,34.12,332.31695187165775,47.02070731916101,4.010695187165775,2.3413046200075125,18.61165270341284,Very Low
19.5,85.5,177,5.672937853107345,29.24,339.27966101694915,47.72229634938917,4.519774011299435,1.1080505821960687,18.607221876031453,Very Low
25.0,77.0,569,4.786695957820738,48.31,334.4927416520211,46.41948054424452,2.10896309314587,3.5620383122574184,18.602732628174365,Very Low
20.5,73.5,699,5.00244635193133,30.71,337.47550786838343,45.76080039791976,1.144492131616595,4.375860773757355,18.601074564727824,Very Low
17.0,80.5,650,4.145169230769231,21.16,334.2488769230769,46.27956335824249,2.0,4.0691123074996876,18.599947826076868,Very Low
11.5,75.0,1,7.2,7.2,348.63,49.26051797202468,0.0,0.00626017278076875,18.594574523203047,Very Low
11.5,78.5,212,7.799292452830189,87.16,337.0086320754717,46.80565918587433,2.8301886792452833,1.3271566295229749,18.593173973645793,Very Low
19.0,76.0,398,4.782462311557789,32.08,331.2049748743718,46.904242037049706,4.0201005025125625,2.491548766745962,18.58804703510437,Very Low
24.0,74.5,510,5.847274509803921,58.09,335.2794705882353,46.31704923727803,1.5686274509803921,3.1926881181920623,18.58261110020348,Very Low
18.0,82.5,514,5.143852140077821,53.2,334.47887159533076,46.448038940407415,2.3346303501945527,3.2177288093151373,18.581812884477998,Very Low
26.0,92.5,263,5.941520912547529,81.92,334.6747148288973,47.59969807647505,2.2813688212927756,1.6464254413421813,18.579307330742253,Very Low
25.0,86.0,716,3.9732681564245813,35.89,329.2144832402235,46.1899433117389,0.9776536312849162,4.4822837110304246,18.578696010676914,Very Low
12.5,77.0,568,4.717271126760563,69.16,334.75301056338026,46.18622778987251,2.8169014084507045,3.5557781394766494,18.576668187624236,Very Low
13.0,79.5,540,5.261481481481481,36.25,333.7120555555556,46.235235222547054,2.2222222222222223,3.3804933016151244,18.57513348463142,Very Low
26.0,80.5,308,5.180487012987013,23.77,336.4237012987013,47.24211614844661,3.896103896103896,1.9281332164767746,18.57140395992602,Very Low
29.5,77.0,588,4.0024319727891156,23.7,335.1936904761905,46.832919382235914,1.3605442176870748,3.6809815950920246,18.56704403841692,Very Low
29.0,77.0,643,3.7664230171073094,27.46,334.3513530326594,46.797316030429755,0.6220839813374806,4.025291098034306,18.5569540824502,Very Low
26.0,81.5,335,5.703253731343283,38.67,336.3294626865671,47.09421579591143,2.6865671641791042,2.097157881557531,18.555949841341818,Very Low
30.0,73.5,176,6.4919318181818175,25.37,341.5052840909091,47.61943305435895,2.840909090909091,1.1017904094152997,18.55484028482667,Very Low
26.0,79.5,424,5.2531132075471705,27.05,337.0181132075472,47.26538169995778,0.9433962264150944,2.6543132590459497,18.552068688645203,Very Low
25.0,84.5,306,4.832712418300654,51.34,334.4717320261438,47.64392689014062,2.941176470588235,1.9156128709152374,18.546897052147504,Very Low
27.0,71.5,220,7.821727272727273,69.02,348.3910909090909,47.28808624324368,0.45454545454545453,1.3772380117691247,18.54619787967805,Very Low
21.5,72.5,497,5.531428571428571,54.01,335.26476861167004,46.39311144928794,1.8108651911468814,3.1113058720420685,18.545699012532943,Very Low
23.5,76.0,175,6.161085714285715,42.36,341.1077714285714,47.59324590701829,3.428571428571429,1.0955302366345312,18.54016107122338,Very Low
30.0,80.0,127,7.021653543307087,52.84,327.73039370078743,47.03151443121005,4.724409448818897,0.7950419431576311,18.529468109578254,Very Low
12.5,76.5,434,5.608087557603686,40.36,338.19861751152075,46.55697506268794,2.3041474654377883,2.716914986853637,18.52872905437262,Very Low
24.5,74.0,82,6.5232926829268285,68.66,336.42219512195123,47.50548911304059,4.878048780487805,0.5133341680230374,18.518599588249103,Very Low
8.5,77.5,183,5.531967213114754,44.71,336.89431693989076,47.548258819089874,4.371584699453552,1.145611618880681,18.518180639440104,Very Low
22.5,72.0,313,6.016773162939297,27.15,340.13271565495205,46.89351914205416,2.8753993610223643,1.9594340803806187,18.515223143028084,Very Low
21.0,70.0,234,6.668760683760683,70.72,341.20995726495727,46.86345829393328,3.418803418803419,1.4648804306998875,18.508304996046533,Very Low
24.0,75.5,35,5.0,35.2,333.61285714285714,47.52777714951136,8.571428571428571,0.21910604732690622,18.50688681806482,Very Low
12.5,75.5,154,5.6036363636363635,37.27,335.3655844155844,47.60490627971765,4.545454545454546,0.9640666082383873,18.50530341374172,Very Low
19.5,82.0,572,4.691643356643357,71.67,337.3487237762238,46.37421110764132,1.3986013986013985,3.580818830599725,18.504587103826573,Very Low
23.0,76.5,321,5.4894080996884735,36.61,333.6621495327103,46.5788079408599,4.672897196261682,2.0095154626267684,18.50338348725681,Very Low
29.5,80.5,28,6.543571428571428,72.58,324.4764285714286,47.12652452951033,7.142857142857142,0.175284837861525,18.497931205412108,Very Low
16.0,79.0,372,6.247204301075269,105.44,338.2401612903226,46.31642934287141,2.956989247311828,2.3287842744459746,18.4939175829862,Very Low
26.5,81.0,180,4.664555555555555,32.85,335.5058333333333,47.61242752399372,5.555555555555555,1.1268311005383749,18.489679074212933,Very Low
24.0,78.0,409,5.36281173594132,59.65,331.08122249388754,46.407849781984595,3.4229828850855744,2.5604106673344185,18.487612066384905,Very Low
26.0,71.0,204,7.317892156862745,34.75,347.7726960784314,47.61948259486741,0.0,1.2770752472768248,18.487121880948862,Very Low
23.0,78.5,593,4.395413153456999,24.44,331.7456155143339,46.171868748007626,2.0236087689713322,3.7122824589958685,18.48668766074823,Very Low
9.5,78.0,350,4.857028571428572,15.81,338.12228571428574,47.36578796870026,2.2857142857142856,2.1910604732690624,18.484972210720624,Very Low
31.5,77.5,198,5.93570707070707,24.93,326.70338383838384,47.06883588363107,4.545454545454546,1.2395142105922123,18.476404138827558,Very Low
23.0,70.0,997,1.9835807422266802,29.43,311.92095285857573,45.42564646747124,0.20060180541624875,6.241392262426443,18.475776320487444,Very Low
18.5,84.0,380,4.906078947368421,32.84,335.5761842105263,47.10080931742322,2.368421052631579,2.378865656692125,18.475437309015252,Very Low
19.5,73.5,521,4.53147792706334,46.12,328.5107869481766,46.21243002179217,3.071017274472169,3.2615500187805186,18.473403466617043,Very Low
30.0,77.0,511,4.190665362035225,29.26,335.1037964774951,46.77566917442977,1.9569471624266144,3.1989482909728304,18.473260293229558,Very Low
31.5,77.0,398,5.681457286432161,111.63,322.8376130653266,46.5946755351968,2.261306532663317,2.491548766745962,18.472531024017574,Very Low
26.5,79.0,708,3.1538700564971753,22.0,323.2471327683616,46.28865992321217,1.2711864406779663,4.432202328784275,18.471297664514932,Very Low
23.5,80.5,374,5.883208556149733,29.33,338.75844919786095,46.66216678313309,2.13903743315508,2.3413046200075125,18.469202648645897,Very Low
23.5,74.5,384,5.364583333333333,64.58,333.54510416666665,46.81073423499638,2.34375,2.4039063478152,18.466254294910538,Very Low
23.0,75.0,220,5.694454545454545,29.14,336.39050000000003,46.891023543423316,5.0,1.3772380117691247,18.462552565586947,Very Low
27.0,82.0,374,4.587326203208557,49.69,327.50066844919786,46.952206140361305,3.4759358288770055,2.3413046200075125,18.461211950661028,Very Low
19.5,79.5,476,5.228697478991597,36.43,337.6032773109244,46.057683945468554,3.1512605042016806,2.9798422436459244,18.459514021203187,Very Low
16.0,74.0,531,5.222278719397364,23.92,336.0043691148776,46.07236880221019,1.8832391713747645,3.324151746588206,18.457155324655897,Very Low
25.5,79.5,313,5.726198083067093,71.74,336.6700319488818,47.33645377426184,1.2779552715654952,1.9594340803806187,18.45597451102122,Very Low
24.5,73.5,510,4.017705882352941,54.73,325.72439215686273,46.469354852152016,3.1372549019607843,3.1926881181920623,18.449431212703484,Very Low
8.0,76.5,3,8.606666666666667,9.99,336.99666666666667,48.07596117395921,0.0,0.01878051834230625,18.44834663371737,Very Low
26.5,78.0,169,5.508047337278106,27.95,337.9151479289941,47.66945714213055,3.5502958579881656,1.0579691999499188,18.443307351149127,Very Low
22.0,86.5,466,5.074871244635193,48.69,337.1392703862661,46.32079692980036,2.575107296137339,2.917240515838237,18.44320953711726,Very Low
19.0,82.0,719,3.18,21.1,321.86461752433934,46.04409503652163,1.52990264255911,4.501064229372731,18.44057696684911,Very Low
24.0,84.0,180,7.981666666666667,54.82,342.5071111111111,46.142590051385355,3.888888888888889,1.1268311005383749,18.43108147822047,Very Low
28.0,93.5,4,9.8525,30.14,328.3925,47.3488698726897,0.0,0.025040691123075,18.429857503551766,Very Low
21.0,71.0,78,6.389230769230769,32.11,340.3223076923077,47.63234855326479,3.8461538461538463,0.48829347689996244,18.42588766407909,Very Low
24.0,81.0,476,4.763046218487395,35.27,331.3276680672269,46.73676793698884,1.2605042016806722,2.9798422436459244,18.420730427590065,Very Low
24.5,82.5,46,5.466304347826087,15.12,332.6436956521739,47.54760135359902,6.521739130434782,0.28796794791536245,18.420467933913006,Very Low
23.5,79.0,396,4.72979797979798,40.98,327.74012626262623,46.523545199763895,3.787878787878788,2.4790284211844247,18.417315494159947,Very Low
22.5,85.0,497,4.88317907444668,30.08,331.47205231388335,46.13574969993675,2.61569416498994,3.1113058720420685,18.41445027977521,Very Low
24.0,78.5,254,6.593661417322834,41.62,336.906811023622,46.47448065790031,3.543307086614173,1.5900838863152622,18.414340748019566,Very Low
19.0,77.0,408,5.005735294117647,48.55,335.08801470588236,46.86563399588442,1.715686274509804,2.5541504945536495,18.40790436639285,Very Low
17.0,77.5,389,5.201336760925449,44.24,336.83195372750646,46.19297603430284,4.113110539845758,2.4352072117190433,18.407294291672308,Very Low
22.0,77.0,723,2.9097648686030433,35.72,319.1656016597511,46.024797760120585,1.6597510373443984,4.526104920495806,18.40485779361436,Very Low
26.0,82.0,235,5.04336170212766,35.37,336.8231063829788,47.550340505753255,2.9787234042553195,1.471140603480656,18.401863129869177,Very Low
25.0,74.0,20,6.8955,22.59,337.2285,47.324569029773365,5.0,0.12520345561537496,18.401477950527656,Very Low
22.0,88.0,831,2.641528279181709,27.44,316.6372322503008,45.83930642476601,0.36101083032490977,5.202203580818831,18.396357189099177,Very Low
9.5,77.0,246,5.656341463414634,88.7,332.0910162601626,47.05308706548336,3.2520325203252036,1.5400025040691123,18.39429305608245,Very Low
26.5,78.5,168,6.43827380952381,28.42,339.94113095238095,47.02745883033393,3.571428571428571,1.0517090271691498,18.39310293486817,Very Low
21.5,71.0,124,6.313790322580645,19.59,342.6175806451613,46.986878943737736,4.838709677419355,0.7762614248153249,18.38585998572355,Very Low
15.5,79.0,555,5.172324324324324,76.99,337.3777477477477,45.96407309324933,1.0810810810810811,3.474395893326656,18.382246678966784,Very Low
25.0,87.5,284,5.473415492957747,26.24,338.5125,46.795449563789084,3.5211267605633805,1.7778890697383247,18.37996049017918,Very Low
12.5,79.5,538,5.07949814126394,58.95,334.10011152416354,46.19977412737467,0.7434944237918215,3.3679729560535874,18.376314938772534,Very Low
21.5,70.5,139,6.41546762589928,47.47,338.0407913669065,46.75237996425123,5.0359712230215825,0.8701640165268562,18.375458875832006,Very Low
20.5,77.5,71,10.420704225352113,48.74,340.1425352112676,45.66168158202421,2.8169014084507045,0.4444722674345812,18.374465958780092,Very Low
21.0,83.5,555,3.6603243243243244,16.82,334.75077477477475,46.991789050137406,0.18018018018018017,3.474395893326656,18.36810471755808,Very Low
18.5,73.5,621,4.372737520128824,30.51,328.5030112721417,45.80623373926117,1.4492753623188406,3.887567296857393,18.358376292909874,Very Low
22.5,79.0,423,4.853806146572103,30.14,336.11555555555555,46.523137867211155,2.3640661938534278,2.6480530862651808,18.357222537858263,Very Low
24.5,81.5,219,5.690456621004566,32.89,336.2993607305936,47.373563828599174,2.28310502283105,1.370977838988356,18.356810828846893,Very Low
15.5,78.0,366,5.793743169398907,51.47,338.31685792349725,46.34268429360928,2.459016393442623,2.291223237761362,18.35506349164639,Very Low
27.0,71.0,19,4.084736842105263,9.55,337.6173684210526,47.12194639285266,10.526315789473683,0.11894328283460623,18.353513145330933,Very Low
16.5,80.5,371,5.319164420485175,76.16,336.49830188679243,46.79791209551204,1.6172506738544474,2.322524101665206,18.352109197641468,Very Low
23.0,91.0,13,7.792307692307693,32.85,337.2323076923077,48.1548018027188,0.0,0.08138224614999374,18.345023178603988,Very Low
8.0,77.5,56,5.2994642857142855,13.36,340.38,48.18436603974832,3.571428571428571,0.35056967572305,18.33890475423219,Very Low
20.0,80.5,877,3.351459521094641,17.86,332.9275028506271,45.1071774340671,0.0,5.4901715287341935,18.338030385038746,Very Low
25.0,78.0,83,9.01421686746988,41.04,342.4022891566265,46.696086129280395,1.2048192771084338,0.5195943408038062,18.337640844310037,Very Low
26.5,95.5,24,9.274166666666668,54.9,328.19958333333335,47.26685487423551,0.0,0.15024414673845,18.336439400163545,Very Low
26.0,80.0,161,5.189254658385093,40.39,334.99167701863354,47.53376415884879,3.7267080745341614,1.0078878177037687,18.33610068927117,Very Low
12.5,78.0,422,5.200781990521327,48.09,338.807962085308,46.34130487075277,2.132701421800948,2.6417929134844123,18.333369356163278,Very Low
24.5,82.0,90,5.314444444444445,23.64,336.469,47.380131808670306,5.555555555555555,0.5634155502691874,18.333142808833855,Very Low
32.0,77.0,143,6.4655944055944055,67.75,326.4074825174825,47.00861456262984,3.4965034965034967,0.8952047076499312,18.329365595287115,Very Low
27.5,91.5,43,8.14953488372093,22.34,336.2218604651163,47.71995531258831,0.0,0.26918742957305625,18.325598465301,Very Low
21.0,74.0,230,6.230086956521739,109.41,340.4831739130435,46.94392294327381,2.1739130434782608,1.4398397395768123,18.320889775379957,Very Low
26.0,77.5,127,7.248503937007873,42.23,342.0485039370079,46.750663086253056,3.149606299212598,0.7950419431576311,18.31626214955015,Very Low
17.5,75.0,337,5.393768545994066,40.16,334.0792878338279,46.73532620230864,2.0771513353115725,2.1096782271190686,18.315698875139653,Very Low
27.5,77.0,193,6.7443005181347155,42.97,339.4664766839378,46.90808330075677,2.072538860103627,1.2082133466883687,18.313640144871588,Very Low
20.0,79.5,569,4.6101405975395435,31.23,339.32321616871707,45.93605558366155,1.2302284710017575,3.5620383122574184,18.312526820536167,Very Low
27.0,95.0,834,2.8642685851318945,208.45,308.89699040767385,45.42520918627277,0.4796163069544364,5.220984099161137,18.311657882668733,Very Low
21.5,69.5,189,6.267777777777777,85.94,341.27984126984126,46.85491245864994,3.1746031746031744,1.1831726555652935,18.307044961631906,Very Low
14.5,77.5,389,6.1164524421593836,65.83,337.29401028277636,46.14627293309179,1.5424164524421593,2.4352072117190433,18.305615783145782,Very Low
25.5,80.5,358,3.9991899441340784,25.48,334.3863687150838,47.27268865512853,2.2346368715083798,2.2411418555152123,18.303820218770404,Very Low
19.0,79.0,661,4.01337367624811,30.44,334.1536308623298,45.72951594764656,0.9077155824508321,4.137974208088143,18.29757078365301,Very Low
26.5,94.0,107,8.113457943925233,138.57,334.50467289719626,47.23937690298454,0.0,0.6698384875422562,18.290853442308084,Very Low
26.5,70.5,7,7.84857142857143,13.38,333.20714285714286,48.00597236813886,0.0,0.04382120946538125,18.290345358477186,Very Low
26.0,70.0,3,7.036666666666666,13.07,340.18333333333334,48.46592767144998,0.0,0.01878051834230625,18.290197767442173,Very Low
13.5,76.0,309,5.862200647249191,50.04,335.65385113268604,46.25359299527902,3.2362459546925564,1.9343933892575433,18.28956125371232,Very Low
28.5,79.0,419,4.51035799522673,26.55,335.18155131264916,46.798075489941986,1.431980906921241,2.623012395142106,18.287024061860226,Very Low
16.5,80.0,480,5.051104166666667,32.94,333.9286666666667,46.280188863766824,0.8333333333333334,3.004882934769,18.281033868880673,Very Low
12.0,75.5,50,6.541,28.98,333.3826,47.260402457357685,4.0,0.31300863903843745,18.278223524080413,Very Low
23.5,76.5,60,5.352833333333334,24.97,333.7033333333333,47.065643791903994,6.666666666666667,0.375610366846125,18.27565562627693,Very Low
14.5,75.5,303,5.080825082508251,33.3,336.190297029703,46.63078898829318,3.3003300330033,1.896832352572931,18.268203512837506,Very Low
21.0,71.5,114,6.960701754385965,47.57,339.91105263157897,47.497480614227996,0.8771929824561403,0.7136596970076374,18.26791220340003,Very Low
16.0,78.0,340,4.874176470588235,50.54,337.7273529411765,46.60865829649921,2.941176470588235,2.1284587454613746,18.26683053345478,Very Low
13.5,75.5,366,5.363032786885245,69.5,334.7798907103825,46.54207145442806,1.639344262295082,2.291223237761362,18.26205167307101,Very Low
25.5,76.0,171,7.442865497076023,33.14,337.09497076023393,46.44277421688217,2.3391812865497075,1.070489545511456,18.260340449580482,Very Low
21.0,80.5,613,3.7059869494290374,20.73,332.58554649265903,46.20528983014324,0.48939641109298526,3.837485914611243,18.259402487523854,Very Low
9.0,78.0,220,5.172363636363636,15.72,339.08959090909093,47.357799590176036,2.272727272727273,1.3772380117691247,18.255217691081853,Very Low
15.0,74.5,518,4.497413127413127,37.78,333.65627413127413,46.05192366576918,1.5444015444015444,3.2427695004382118,18.251598649902427,Very Low
29.5,78.0,536,3.856884328358209,25.94,329.7309514925373,46.6019297598575,0.3731343283582089,3.35545261049205,18.246207051852654,Very Low
28.0,96.5,49,6.80061224489796,23.2,331.28061224489795,47.586135041351184,2.0408163265306123,0.3067484662576687,18.242841143618932,Very Low
18.0,83.0,498,4.810903614457831,39.52,334.40873493975903,46.0803265243464,1.2048192771084338,3.117566044822837,18.24259202353747,Very Low
17.0,76.0,259,4.832046332046332,24.14,335.7774517374517,46.915031163768816,3.474903474903475,1.6213847502191059,18.242051403717202,Very Low
31.5,76.5,520,3.993903846153846,26.58,327.5787115384615,46.43891069189965,0.9615384615384616,3.2552898459997497,18.23864786133025,Very Low
17.5,79.0,261,4.729693486590039,26.9,338.7741762452107,47.278923754233,2.2988505747126435,1.6339050957806436,18.236982393092646,Very Low
22.0,76.5,381,4.7243569553805775,54.82,327.8170603674541,46.42346025469772,2.6246719160104988,2.3851258294728934,18.232078068543487,Very Low
11.0,78.0,237,5.54126582278481,87.29,335.2678481012658,46.646365900988194,3.375527426160337,1.4836609490421937,18.222974698218884,Very Low
22.0,70.0,188,5.875212765957446,26.01,339.18755319148937,46.66859174744396,3.723404255319149,1.1769124827845248,18.220850274637662,Very Low
29.0,78.0,291,4.361408934707904,22.59,335.83993127147767,47.19653328181966,2.405498281786942,1.8217102792037059,18.215427467291097,Very Low
26.5,71.0,375,4.63992,20.22,345.04394666666667,47.20372206986998,0.0,2.347564792788281,18.21371012197543,Very Low
13.5,79.5,442,4.940769230769231,49.41,332.4957466063348,46.35555353986155,0.904977375565611,2.7669963690997874,18.21060938882372,Very Low
18.5,74.0,405,4.02553086419753,29.59,330.20434567901236,46.77185376513098,1.9753086419753085,2.5353699762113435,18.21051834717493,Very Low
26.5,84.5,152,4.751907894736842,63.52,334.48513157894735,47.590072483694556,3.289473684210526,0.9515462626768498,18.21029007839948,Very Low
25.0,79.5,108,6.194814814814815,26.3,332.8121296296296,46.972614048421924,3.7037037037037033,0.6760986603230249,18.2099819345622,Very Low
27.5,80.0,420,4.038928571428571,30.46,331.7256904761905,47.161170882534876,0.2380952380952381,2.6292725679228743,18.208438212076956,Very Low
15.0,75.5,295,5.764711864406779,49.37,334.45369491525423,46.501798712647314,2.0338983050847457,1.8467509703267808,18.207228218875077,Very Low
18.0,75.5,275,5.596327272727272,25.75,334.51763636363637,46.67050094002682,2.181818181818182,1.721547514711406,18.20564455081914,Very Low
26.5,90.0,336,4.9555952380952375,32.77,333.9197916666667,46.895998641306115,1.1904761904761905,2.1034180543382996,18.19884499750229,Very Low
14.5,79.5,192,5.6434375,30.69,338.6984375,47.16765967283945,2.083333333333333,1.2019531739076,18.19678463670692,Very Low
12.0,77.0,288,5.115868055555556,72.4,335.42350694444445,46.64720281084556,2.7777777777777777,1.8029297608613999,18.19540362662496,Very Low
26.0,91.5,304,5.23358552631579,87.05,327.8205921052632,46.993689123286835,0.9868421052631579,1.9030925253536997,18.19472891716621,Very Low
15.0,76.0,818,2.2851344743276285,14.71,313.9846699266504,45.59968887769554,0.12224938875305623,5.120821334668837,18.19324777239929,Very Low
25.5,80.0,198,5.502272727272728,46.47,335.39752525252527,47.06828271450603,2.525252525252525,1.2395142105922123,18.19284901837835,Very Low
33.0,75.5,395,5.985873417721519,237.93,317.4106329113924,46.079258536531704,0.7594936708860759,2.4727682484036557,18.19250945938013,Very Low
18.0,78.5,380,4.771263157894737,66.4,336.4149736842105,46.77562302501619,0.7894736842105263,2.378865656692125,18.178426899326936,Very Low
34.5,73.5,2,6.9,7.06,342.49,48.22447370641208,0.0,0.0125203455615375,18.17785000019019,Very Low
21.0,70.5,235,4.73663829787234,26.77,337.72991489361704,46.99838020186296,2.9787234042553195,1.471140603480656,18.1511151720919,Very Low
25.0,74.5,48,6.306458333333333,21.18,338.58625,47.58304412308803,2.083333333333333,0.3004882934769,18.151083595924675,Very Low
26.0,81.0,313,4.002108626198083,19.35,334.2204792332268,47.20156631724116,1.9169329073482428,1.9594340803806187,18.1491070230114,Very Low
30.0,79.5,312,5.439134615384615,58.11,323.6186217948718,46.342779582291044,2.2435897435897436,1.9531739075998498,18.148688599840593,Very Low
25.0,85.0,467,3.643104925053533,72.05,329.79327623126335,46.78827127335077,0.6423982869379015,2.923500688619006,18.147050472251934,Very Low
27.5,79.5,296,4.579222972972973,14.82,335.21121621621626,46.94797487137624,2.027027027027027,1.8530111431075498,18.142416700763665,Very Low
20.5,75.5,145,6.220551724137931,32.86,339.5732413793104,46.99088140989668,2.0689655172413794,0.9077250532114686,18.138800897691894,Very Low
21.5,70.0,212,6.047216981132076,32.37,339.66438679245283,46.443310304548504,2.8301886792452833,1.3271566295229749,18.137545172990155,Very Low
17.5,74.5,195,5.176205128205129,62.17,336.8809743589743,47.08871851211748,2.564102564102564,1.2207336922499061,18.136121252195203,Very Low
30.5,78.5,243,5.373127572016461,36.36,326.1911934156379,46.82615466324063,2.05761316872428,1.5212219857268061,18.135701706308517,Very Low
24.0,88.5,276,4.803478260869565,20.71,335.6465942028986,46.46912687665518,3.6231884057971016,1.727807687492175,18.132700141051426,Very Low
23.5,70.0,22,6.177272727272728,13.54,341.90999999999997,48.35576483433718,0.0,0.13772380117691246,18.1319910681725,Very Low
22.0,75.5,324,5.389228395061728,43.24,332.582962962963,46.34071733236499,1.8518518518518516,2.028295980969075,18.125719999799337,Very Low
16.5,79.5,338,5.198372781065089,22.13,338.34600591715974,46.351321249252834,1.7751479289940828,2.1159383998998376,18.116618530568104,Very Low
26.5,80.5,191,4.890837696335079,47.76,335.190942408377,47.344881869234555,2.094240837696335,1.195693001126831,18.116473971831706,Very Low
29.0,74.5,194,4.969432989690722,33.02,330.2133505154639,46.845116813531305,3.608247422680412,1.2144735194691372,18.114279782688794,Very Low
19.0,79.5,565,3.898637168141593,23.22,333.40927433628315,45.76890623995299,1.238938053097345,3.5369976211343435,18.11260557494927,Very Low
19.5,76.0,146,6.2058904109589035,50.23,336.7400684931507,47.11453247638735,1.36986301369863,0.9139852259922374,18.111608136885465,Very Low
20.5,70.5,279,4.391541218637993,32.12,330.8105376344086,47.02337264313378,2.1505376344086025,1.746588205834481,18.10868728771028,Very Low
29.0,73.0,92,5.512934782608696,28.96,339.4715217391304,47.27008882732578,3.260869565217391,0.5759358958307249,18.1067913672971,Very Low
22.0,69.5,349,4.645816618911175,42.37,318.55670487106016,46.238626746669716,2.865329512893983,2.1848003004882934,18.10659873843465,Very Low
26.5,82.0,202,4.756188118811881,20.69,335.0186138613861,47.352194925141504,1.9801980198019802,1.2645549017152873,18.106461646804778,Very Low
25.0,73.0,266,4.988045112781955,28.93,330.8126315789474,46.52830641756874,3.007518796992481,1.6652059596844873,18.10457251632461,Very Low
28.0,79.5,378,3.8578571428571427,38.53,331.01259259259257,46.83383286838327,1.5873015873015872,2.366345311130587,18.102784876102334,Very Low
17.0,79.5,311,4.884887459807074,25.33,337.2085530546624,46.8787204699631,0.964630225080386,1.946913734819081,18.102167014766884,Very Low
25.5,83.0,243,4.512674897119341,51.71,332.99930041152265,47.070340358069934,2.4691358024691357,1.5212219857268061,18.10084041791873,Very Low
27.0,88.0,134,5.692611940298508,61.87,320.9132089552239,46.755773945089466,3.731343283582089,0.8388631526230125,18.099572537703565,Very Low
19.5,79.0,766,2.427845953002611,23.61,317.2574412532637,45.54018520281412,0.26109660574412535,4.795292350068862,18.09915329383954,Very Low
34.0,74.5,173,5.629306358381503,54.63,326.8885549132948,46.92958059341558,2.312138728323699,1.0830098910729935,18.092055400907835,Very Low
27.5,78.5,72,4.939861111111111,22.93,336.9397222222222,47.39672773106111,4.166666666666666,0.45073244021534997,18.09032648568093,Very Low
20.5,73.0,241,4.988589211618257,21.18,337.84634854771787,46.42312966211268,3.7344398340248963,1.5087016401652684,18.08577835316562,Very Low
28.0,95.0,94,6.321808510638298,40.18,332.8879787234043,46.77654066356229,3.1914893617021276,0.5884562413922624,18.083292490937236,Very Low
25.0,91.5,138,5.205942028985507,18.69,331.27833333333336,47.380825290151435,2.1739130434782608,0.8639038437460875,18.080029859487556,Very Low
8.5,77.0,45,5.110444444444444,21.08,332.3942222222222,47.36505575161401,4.444444444444445,0.2817077751345937,18.079873294901162,Very Low
16.5,75.0,144,4.330555555555556,31.16,334.2530555555556,47.24223486814936,4.166666666666666,0.9014648804306999,18.07966381129332,Very Low
14.5,75.0,316,5.087215189873418,62.72,338.30617088607596,46.39777386400645,1.89873417721519,1.9782145987229247,18.076171631987844,Very Low
23.5,73.5,259,6.4612741312741315,136.1,338.39698841698845,46.22751111301111,1.1583011583011582,1.6213847502191059,18.07551139621517,Very Low
26.5,89.5,112,5.5175,29.98,333.81892857142856,47.21502036005304,2.6785714285714284,0.7011393514461,18.073965540060364,Very Low
19.0,75.5,304,4.034572368421053,21.91,330.1174342105263,46.5169797348686,3.618421052631579,1.9030925253536997,18.066023361536,Very Low
30.0,77.5,444,4.156103603603603,37.18,327.9306306306307,46.34716529036963,0.9009009009009009,2.7795167146613244,18.064392155519272,Very Low
29.5,77.5,364,3.495357142857143,40.01,331.9054120879121,47.296234891056,0.5494505494505495,2.2787028921998247,18.062136357579853,Very Low
29.0,95.5,4,7.5,11.03,331.615,47.54743816411221,0.0,0.025040691123075,18.057869862375203,Very Low
28.5,77.0,443,3.7855079006772008,34.66,326.471151241535,46.264988207861315,1.805869074492099,2.773256541880556,18.054387361454832,Very Low
27.5,79.0,75,5.512666666666666,16.37,338.7008,47.39013478694068,2.666666666666667,0.46951295855765623,18.052088818755646,Very Low
22.5,87.0,385,4.524545454545454,27.16,336.92893506493505,46.518063791779284,0.7792207792207793,2.4101665205959684,18.051910416121814,Very Low
18.0,75.0,319,4.685047021943573,54.83,332.68307210031344,46.612106964975396,1.5673981191222568,1.9969951170652311,18.04915411207281,Very Low
23.5,73.0,494,3.752145748987854,26.53,327.43554655870446,46.04728281529335,1.417004048582996,3.092525353699762,18.044787081734825,Very Low
23.5,93.5,85,5.909058823529412,67.85,329.88317647058824,47.18248387762461,2.3529411764705883,0.5321146863653436,18.04433877058634,Very Low
26.5,80.0,173,4.5076300578034685,18.68,335.5402312138728,47.394660882129756,2.312138728323699,1.0830098910729935,18.04433191109578,Very Low
26.5,88.5,121,6.025867768595042,67.4,330.51661157024796,47.32893054172528,0.8264462809917356,0.7574809064730187,18.043744971114513,Very Low
12.0,79.0,224,5.732366071428571,82.32,335.5103125,46.68721646056876,1.3392857142857142,1.4022787028922,18.041027641056683,Very Low
31.5,78.0,44,6.303409090909091,22.2,329.74,47.23280275604329,2.272727272727273,0.2754476023538249,18.038102027423644,Very Low
18.5,81.5,622,3.661350482315113,30.82,330.9710932475884,45.536141091537736,0.482315112540193,3.893827469638162,18.035835052952457,Very Low
26.0,77.0,137,6.207737226277373,24.11,338.847299270073,46.71901199925349,2.18978102189781,0.8576436709653187,18.035794812681136,Very Low
27.5,81.0,234,4.653205128205128,42.87,334.4924358974359,47.195016063184774,1.282051282051282,1.4648804306998875,18.032421800844933,Very Low
26.5,81.5,187,4.283743315508021,23.22,335.3034759358289,47.13498248898072,3.2085561497326207,1.1706523100037562,18.03174491606746,Very Low
20.5,78.0,137,6.616496350364963,25.93,340.11007299270074,46.27944181333482,2.9197080291970803,0.8576436709653187,18.031648533965217,Very Low
19.0,77.5,266,5.417406015037594,38.04,337.40766917293234,46.622150023129834,1.1278195488721803,1.6652059596844873,18.030024712337216,Very Low
33.5,75.5,109,7.316238532110092,62.22,324.22110091743116,46.643127553042476,0.9174311926605505,0.6823588331037936,18.028679659871422,Very Low
23.0,74.5,82,6.421341463414634,28.48,335.1932926829268,46.50792010560851,3.6585365853658534,0.5133341680230374,18.028366339844563,Very Low
14.0,76.0,291,4.499656357388316,33.14,333.333676975945,46.68319935367294,2.0618556701030926,1.8217102792037059,18.027340805975694,Very Low
19.5,81.0,625,4.118,30.38,332.376144,45.247015037941324,0.48,3.912607987980468,18.026680634967356,Very Low
15.0,79.0,291,5.680343642611684,35.33,338.8379381443299,45.94862175920167,2.405498281786942,1.8217102792037059,18.02617891253218,Very Low
23.5,87.5,381,3.6052230971128605,39.18,334.09031496062994,47.10602367614827,0.26246719160104987,2.3851258294728934,18.024730335188938,Very Low
23.5,75.5,218,6.03302752293578,31.96,337.74298165137617,46.76493763872889,0.45871559633027525,1.3647176662075873,18.02345090189839,Very Low
21.5,79.0,230,5.587260869565217,38.56,338.2276086956522,46.18886949279338,3.0434782608695654,1.4398397395768123,18.0229403664997,Very Low
16.0,75.5,332,4.3267469879518075,35.01,326.1127409638554,46.399724473840344,2.4096385542168677,2.0783773632152247,18.020286988678606,Very Low
17.5,77.5,403,4.3318858560794045,46.19,335.95047146401987,46.21491360013283,1.488833746898263,2.522849630649806,18.02005239155376,Very Low
24.0,75.0,38,5.731842105263158,17.32,339.7194736842105,47.419053061465256,2.631578947368421,0.23788656566921246,18.01876419550887,Very Low
14.0,74.0,1,5.64,5.64,342.07,48.45047486796771,0.0,0.00626017278076875,18.018298966070194,Very Low
24.5,75.5,117,6.382478632478633,27.45,325.5936752136752,46.576840456252896,2.564102564102564,0.7324402153499437,18.012438907342762,Very Low
9.0,76.0,50,6.0748,14.67,339.16720000000004,47.31431832477726,2.0,0.31300863903843745,18.009603737006522,Very Low
16.0,80.0,298,4.624093959731543,33.1,336.9254026845638,46.62565394483407,1.6778523489932886,1.8655314886690872,18.007489831671425,Very Low
27.5,82.0,402,4.283905472636816,51.44,330.5351990049751,46.130711861022554,1.7412935323383085,2.516589457869037,18.004632367832283,Very Low
25.0,85.5,295,4.104508474576271,24.66,333.69433898305084,46.813084905332616,2.0338983050847457,1.8467509703267808,18.00461304920855,Very Low
21.5,86.5,332,4.409006024096385,24.98,330.55939759036147,46.654593312227725,1.2048192771084338,2.0783773632152247,18.004446458340574,Very Low
28.5,96.0,75,6.223866666666667,27.64,324.0116,46.868165000722726,2.666666666666667,0.46951295855765623,18.00286814150951,Very Low
12.0,79.5,172,5.687151162790697,39.57,337.4454069767442,47.116390319027936,0.5813953488372093,1.076749718292225,17.99302896553174,Very Low
18.5,74.5,231,5.0040692640692646,32.24,332.96878787878785,46.64475535269478,2.1645021645021645,1.446099912357581,17.98734806769863,Very Low
33.0,74.5,454,3.4537885462555065,17.66,320.1729295154185,46.24223778619068,1.5418502202643172,2.8421184424690122,17.981871728047473,Very Low
27.5,77.5,208,4.733028846153847,18.07,338.4391346153846,46.70853113361633,2.8846153846153846,1.3021159383999,17.98042118860171,Very Low
22.0,72.5,413,4.245133171912833,36.02,325.0381598062954,46.16044318082082,1.2106537530266344,2.5854513584574934,17.978799736901486,Very Low
11.5,79.0,280,4.567464285714286,28.09,336.5159285714286,46.54415490258271,2.142857142857143,1.7528483786152498,17.975399038506374,Very Low
29.5,73.5,104,4.642019230769231,18.39,339.47836538461536,47.113974640489246,3.8461538461538463,0.65105796919995,17.97353047432609,Very Low
22.0,81.5,357,4.030056022408964,40.83,333.3333893557423,46.717011502289616,0.8403361344537815,2.2348816827344433,17.973504624434476,Very Low
19.0,74.5,220,4.690363636363637,26.25,334.8437727272727,46.930321018904245,1.8181818181818181,1.3772380117691247,17.969690166910627,Very Low
23.0,73.5,276,4.9332246376811595,31.76,331.75423913043477,46.443124392153756,1.8115942028985508,1.727807687492175,17.96678896038393,Very Low
8.5,78.0,147,5.1000680272108845,44.71,336.72285714285715,47.48186475775827,0.6802721088435374,0.9202453987730062,17.965880070999873,Very Low
33.0,75.0,574,3.0645993031358882,25.1,317.424181184669,45.94152585939983,0.5226480836236934,3.5933391761612623,17.96459163140653,Very Low
24.5,76.5,413,4.836561743341404,42.7,331.21585956416465,45.856208598401075,0.9685230024213075,2.5854513584574934,17.959096165022565,Very Low
27.5,95.5,121,5.06297520661157,18.99,333.4190082644628,46.8949223887933,3.3057851239669422,0.7574809064730187,17.959072873877993,Very Low
19.5,74.5,258,5.193682170542636,31.36,335.6163953488372,46.681754967358344,0.7751937984496124,1.6151245774383372,17.956109808332343,Very Low
22.5,79.5,396,5.2432323232323235,67.8,333.52250000000004,45.93831959527808,0.25252525252525254,2.4790284211844247,17.955305845762258,Very Low
21.0,74.5,122,6.344426229508197,33.81,337.6961475409836,47.13514836017205,0.0,0.7637410792537874,17.955250540564542,Very Low
17.0,79.0,316,4.602563291139241,27.33,337.24955696202534,46.48668861071718,1.2658227848101267,1.9782145987229247,17.953047501528573,Very Low
24.5,74.5,719,2.3713351877607787,38.74,309.5067037552156,45.36129496405587,0.5563282336578581,4.501064229372731,17.952479826826657,Very Low
17.0,78.0,423,3.551843971631206,28.83,326.25052009456266,46.13167009062583,2.127659574468085,2.6480530862651808,17.952232859764802,Very Low
14.0,74.5,31,4.026451612903226,11.96,334.9874193548387,47.07866433266105,6.451612903225806,0.19406535620383122,17.94624864905113,Very Low
16.0,76.0,290,5.395931034482758,37.31,332.8738275862069,46.26804938493491,1.0344827586206897,1.8154501064229371,17.945311116805,Very Low
24.5,73.0,565,2.896690265486726,23.85,319.921592920354,45.72034243494144,1.592920353982301,3.5369976211343435,17.94297413555899,Very Low
27.5,71.5,91,5.282307692307692,21.49,349.5753846153846,47.235167785692354,2.197802197802198,0.5696757230499562,17.942790118641593,Very Low
29.0,78.5,309,3.943171521035599,24.59,332.9426213592233,47.02847854388376,0.6472491909385114,1.9343933892575433,17.941733140949804,Very Low
10.5,79.0,155,5.572193548387096,43.94,338.1218064516129,46.93475462989686,1.2903225806451613,0.9703267810191561,17.941527422480803,Very Low
27.5,76.5,23,5.526086956521739,26.92,332.44173913043477,46.91207238366882,4.3478260869565215,0.14398397395768123,17.941466320141718,Very Low
16.5,73.0,104,5.368173076923076,38.78,335.3093269230769,46.90710220618531,2.8846153846153846,0.65105796919995,17.941246367069706,Very Low
23.5,84.0,527,4.138235294117647,22.26,330.7339468690702,45.57742768448466,0.5692599620493358,3.2991110554651306,17.940324627383948,Very Low
16.5,74.0,433,4.65676674364896,33.88,331.0611547344111,45.85166625425387,0.6928406466512702,2.710654814072868,17.940017735932635,Very Low
19.5,84.5,169,5.934319526627219,31.0,336.36579881656803,46.30846254503053,2.366863905325444,1.0579691999499188,17.92861325638866,Very Low
15.5,77.5,228,5.991359649122807,50.78,339.906403508772,45.95667766071228,2.1929824561403506,1.4273193940152749,17.928077516747877,Very Low
14.0,77.0,251,5.235936254980079,32.65,334.27725099601594,46.37891644925218,1.593625498007968,1.5713033679729562,17.924551769567273,Very Low
27.0,94.0,271,4.392029520295203,23.09,332.62623616236164,46.62704016211333,1.8450184501845017,1.696506823588331,17.921982155236233,Very Low
21.5,72.0,73,6.543561643835616,41.66,330.606301369863,46.84843756216182,1.36986301369863,0.4569926129961187,17.921897238949683,Very Low
24.0,83.5,147,6.630816326530613,40.56,342.69551020408164,46.331727263307144,1.3605442176870748,0.9202453987730062,17.918630051551872,Very Low
25.0,80.0,60,5.888833333333333,21.47,334.07183333333336,47.18231911924955,1.6666666666666667,0.375610366846125,17.917081485913336,Very Low
20.0,76.5,100,5.9195,25.7,338.9286,46.53432017538525,3.0,0.6260172780768749,17.917012728189366,Very Low
25.0,80.5,167,6.10125748502994,65.84,333.5662874251497,46.34896134471766,1.7964071856287425,1.045448854388381,17.91268878392823,Very Low
20.0,75.0,201,5.609651741293532,23.59,337.16840796019903,46.62864236894288,0.9950248756218906,1.2582947289345185,17.91267680791967,Very Low
22.0,71.0,39,6.166666666666667,19.14,338.3192307692308,46.878119546413984,2.564102564102564,0.24414673844998122,17.906483094614543,Very Low
13.0,75.0,111,4.833063063063063,14.89,329.7845045045045,46.84351914186332,3.6036036036036037,0.6948791786653311,17.905806065704066,Very Low
14.0,75.5,318,4.691509433962264,37.27,332.4422641509434,46.11214130366366,1.8867924528301887,1.9907349442844624,17.90512728478337,Very Low
24.5,85.5,493,4.009411764705883,23.43,335.27352941176474,45.61957732475893,1.0141987829614605,3.0862651809189936,17.900898906255975,Very Low
20.0,77.5,115,6.376,25.79,340.9693913043479,46.48488499601421,1.7391304347826086,0.7199198697884062,17.892159337064008,Very Low
14.5,77.0,118,5.947033898305085,45.73,342.93084745762707,46.463890217966075,2.5423728813559325,0.7387003881307124,17.8912058229704,Very Low
24.0,91.0,7,5.782857142857144,12.63,336.0214285714286,47.97247688166551,0.0,0.04382120946538125,17.890955600619137,Very Low
19.0,76.5,194,5.061134020618557,23.92,334.88268041237114,46.74081633231306,1.5463917525773196,1.2144735194691372,17.888798301726005,Very Low
33.0,76.0,119,6.815798319327731,75.08,324.49789915966386,46.704198647547116,0.0,0.7449605609114811,17.886305930813503,Very Low
16.0,79.5,284,4.8747535211267605,33.2,338.40042253521125,46.20689996892018,1.7605633802816902,1.7778890697383247,17.885562716593586,Very Low
13.5,77.0,280,4.694821428571428,24.73,333.10489285714283,46.21695242628401,2.142857142857143,1.7528483786152498,17.884778900706642,Very Low
27.0,84.5,113,4.143805309734513,14.79,335.1530088495575,47.15661822076231,3.5398230088495577,0.7073995242268687,17.884043891772542,Very Low
17.0,78.5,219,4.608721461187215,20.33,336.70223744292235,46.733041747672345,1.82648401826484,1.370977838988356,17.88396004200509,Very Low
27.5,80.5,259,3.633127413127413,16.06,332.66409266409266,47.39549460483659,0.3861003861003861,1.6213847502191059,17.876335820332844,Very Low
17.5,75.5,303,5.038052805280528,26.51,335.0683498349835,46.28809238509809,0.6600660066006601,1.896832352572931,17.876206355479823,Very Low
27.5,88.5,3,6.886666666666667,9.33,330.90000000000003,47.357308083185124,0.0,0.01878051834230625,17.874030866288617,Very Low
27.5,72.0,82,6.699512195121951,56.43,347.38768292682926,46.96013550434041,0.0,0.5133341680230374,17.87299152878285,Very Low
23.5,82.5,476,4.119390756302521,18.34,332.7593487394958,45.69199196924745,0.6302521008403361,2.9798422436459244,17.87124075951053,Very Low
21.5,76.5,300,5.4069666666666665,21.86,337.78156666666666,45.90154475647138,1.3333333333333335,1.878051834230625,17.870901182683113,Very Low
22.5,74.5,35,5.119142857142857,13.3,340.4271428571429,47.27507520153921,2.857142857142857,0.21910604732690622,17.86937174365319,Very Low
21.0,78.5,154,5.807402597402597,44.16,337.3268831168831,46.59970630341529,1.2987012987012987,0.9640666082383873,17.86704828871493,Very Low
29.0,75.5,331,4.103655589123867,49.32,329.4562839879154,46.332034871107616,1.5105740181268883,2.072117190434456,17.862631227144455,Very Low
20.0,85.5,184,5.021847826086956,35.72,336.6453260869565,47.029666722624064,0.5434782608695652,1.1518717916614498,17.86032126340345,Very Low
15.0,75.0,173,4.965664739884393,24.17,338.2284971098266,46.45576310550599,2.8901734104046244,1.0830098910729935,17.859479137696354,Very Low
25.5,87.5,67,4.4931343283582095,32.7,335.25835820895526,47.343426367063806,2.9850746268656714,0.41943157631150624,17.858720640910555,Very Low
19.5,85.0,169,4.836331360946746,35.26,332.8847337278106,46.85952925944175,1.7751479289940828,1.0579691999499188,17.856258898400846,Very Low
25.0,81.0,190,4.643631578947368,34.39,334.7797894736842,47.184753442127565,0.5263157894736842,1.1894328283460625,17.85505303442723,Very Low
9.5,76.0,120,4.235666666666667,23.84,324.97791666666666,46.79970699406008,4.166666666666666,0.75122073369225,17.854386093890454,Very Low
28.5,73.0,39,4.523589743589743,7.76,348.71999999999997,48.317419235073395,0.0,0.24414673844998122,17.84547646422385,Very Low
27.0,70.5,65,3.8155384615384613,17.92,333.72430769230766,47.2086706928738,4.615384615384616,0.4069112307499687,17.8430426707191,Very Low
32.5,75.5,399,3.8488220551378447,25.52,321.9856140350877,46.20340854179087,0.7518796992481203,2.497808939526731,17.84291085540674,Very Low
15.5,74.0,258,5.40484496124031,55.34,335.8141472868217,46.00941505065428,1.550387596899225,1.6151245774383372,17.837938498101206,Very Low
22.0,74.5,47,6.383617021276595,23.68,337.20680851063827,46.63627815773326,2.127659574468085,0.2942281206961312,17.836437208743185,Very Low
22.0,81.0,282,5.179255319148936,30.2,337.65971631205673,46.11230713962414,1.0638297872340425,1.7653687241767875,17.835544675397575,Very Low
20.0,85.0,357,4.323977591036415,32.29,330.0632773109244,46.07348888268815,1.1204481792717087,2.2348816827344433,17.831442281789123,Very Low
23.5,71.0,27,6.08037037037037,33.6,339.222962962963,46.45926448949676,3.7037037037037033,0.16902466508075623,17.831356248663838,Very Low
23.5,71.5,101,5.540792079207921,42.04,341.7039603960396,47.339917814220925,0.0,0.6322774508576436,17.830091994848843,Very Low
13.0,76.5,287,4.834738675958188,35.03,333.25045296167247,46.249389918272755,1.0452961672473868,1.7966695880806312,17.82797119429935,Very Low
29.0,77.5,320,2.93859375,20.6,330.8934375,47.26740339901075,0.3125,2.0032552898459994,17.827457521538342,Very Low
27.5,72.5,213,3.496854460093897,11.59,346.5870422535211,47.59288372639673,0.4694835680751174,1.3334168023037436,17.827397617334498,Very Low
24.5,87.5,290,4.373724137931035,22.67,336.89544827586207,46.28093460807253,1.7241379310344827,1.8154501064229371,17.826951992785272,Very Low
22.5,87.5,306,3.4061764705882354,17.8,333.06241830065363,47.00240327157373,0.6535947712418301,1.9156128709152374,17.82589193908549,Very Low
22.0,73.5,347,4.139827089337175,20.63,330.80233429394815,46.201501719657536,1.1527377521613833,2.172279954926756,17.8230061609004,Very Low
26.0,76.5,44,6.066590909090909,31.82,337.64522727272725,47.3924950930854,0.0,0.2754476023538249,17.82227866787048,Very Low
22.5,70.5,262,5.0991221374045805,21.04,334.87610687022897,46.542693336301234,0.0,1.6401652685614123,17.82093730475911,Very Low
17.0,74.5,145,5.768965517241379,28.61,335.7653793103448,46.3153669358001,2.0689655172413794,0.9077250532114686,17.81762301733598,Very Low
24.0,87.5,286,3.9362237762237764,14.29,335.23765734265737,46.80040395975795,0.6993006993006993,1.7904094152998624,17.81541393425071,Very Low
15.0,79.5,149,4.974429530201343,19.45,339.36724832214765,46.7207507621501,2.013422818791946,0.9327657443345436,17.81360916862956,Very Low
22.5,80.0,320,4.878656250000001,53.67,335.24521875,45.82730938605657,1.5625,2.0032552898459994,17.812510264896986,Very Low
20.5,80.5,486,3.5418930041152263,21.12,334.6053497942387,45.7283578084218,0.6172839506172839,3.0424439714536122,17.79620534051783,Very Low
22.5,91.5,3,5.256666666666667,6.32,336.28666666666663,48.008241381162556,0.0,0.01878051834230625,17.795960362079402,Very Low
17.0,82.0,348,4.490143678160919,77.89,333.711408045977,46.08766421785908,0.5747126436781609,2.178540127707525,17.79329443710267,Very Low
20.0,78.0,297,5.145151515151515,83.5,331.74828282828287,45.930102407618534,1.0101010101010102,1.8592713158883185,17.792865891074047,Very Low
25.0,72.0,11,6.953636363636364,17.94,337.0590909090909,47.03905667545932,0.0,0.06886190058845623,17.792739357376092,Very Low
23.0,71.5,97,5.04360824742268,22.36,338.8644329896907,47.22185772646094,1.0309278350515463,0.6072367597345686,17.789794523293452,Very Low
19.5,77.5,194,4.6462886597938144,19.75,336.50128865979383,46.0866990794169,3.608247422680412,1.2144735194691372,17.788190058999504,Very Low
18.0,83.5,259,4.388918918918919,45.03,337.2392664092664,46.61983587803409,0.7722007722007722,1.6213847502191059,17.78530240520069,Very Low
17.0,76.5,288,4.801736111111111,36.73,329.2474652777778,46.2330271298701,0.6944444444444444,1.8029297608613999,17.783156615256935,Very Low
19.5,75.0,265,4.892150943396227,58.87,333.87550943396224,46.30591155192406,0.7547169811320755,1.6589457869037185,17.781266903233252,Very Low
17.5,76.5,205,5.259219512195123,37.96,333.65775609756093,46.278248737139634,1.4634146341463417,1.2833354200575937,17.779877700467498,Very Low
20.5,76.0,86,5.325348837209303,21.55,340.5737209302326,47.070496959010235,1.1627906976744187,0.5383748591461125,17.77877627810412,Very Low
16.5,77.5,223,4.263408071748879,20.36,337.1795515695067,46.98347207353267,0.4484304932735426,1.396018530111431,17.77776562850435,Very Low
17.0,75.5,144,5.021249999999999,38.32,335.80104166666666,46.80165757090326,1.3888888888888888,0.9014648804306999,17.777304511962967,Very Low
19.5,86.0,28,5.950357142857143,23.0,337.1764285714286,47.42607252122831,0.0,0.175284837861525,17.777160561612725,Very Low
20.0,86.0,136,4.349117647058824,22.91,336.27345588235295,47.18113797451063,1.4705882352941175,0.8513834981845498,17.774627063036046,Very Low
13.0,76.0,247,4.627125506072875,17.29,333.4245748987854,45.83119419510247,3.2388663967611335,1.546262676849881,17.77435516101689,Very Low
27.5,92.5,8,5.4712499999999995,9.7,335.18125,47.79195330076158,0.0,0.05008138224615,17.771485039942462,Very Low
23.5,68.5,61,5.0906557377049175,19.97,332.2068852459016,47.19506683092047,1.639344262295082,0.3818705396268937,17.77121043541332,Very Low
19.0,78.0,320,4.87021875,23.98,335.51640625,46.06362247496441,0.3125,2.0032552898459994,17.768636405968806,Very Low
19.5,78.0,344,4.508081395348837,23.17,332.7409302325581,45.694700039407394,1.744186046511628,2.15349943658445,17.76730639003962,Very Low
24.0,82.0,148,6.028783783783783,24.95,339.05905405405406,46.216229837151545,1.3513513513513513,0.9265055715537749,17.766496104058227,Very Low
17.5,74.0,176,4.494886363636364,29.3,332.6389772727273,46.59637010129718,2.272727272727273,1.1017904094152997,17.765170603213914,Very Low
22.5,81.0,120,5.291166666666666,21.87,334.3634166666667,46.45482861174109,2.5,0.75122073369225,17.76509447856437,Very Low
27.0,80.0,232,4.568275862068965,37.49,334.0207327586207,46.72408246246376,0.43103448275862066,1.4523600851383498,17.76217282181208,Very Low
21.0,76.0,124,5.270241935483871,19.74,336.9463709677419,46.22505187305081,3.225806451612903,0.7762614248153249,17.762090626211357,Very Low
15.5,74.5,329,4.5435562310030395,24.69,332.4340425531915,45.716956051707825,1.82370820668693,2.0595968448729183,17.756839758125185,Very Low
25.5,89.5,14,7.395714285714286,49.56,335.90214285714285,46.672414996719006,0.0,0.0876424189307625,17.75395137467225,Very Low
16.5,76.0,229,4.8308733624454145,19.56,336.1449781659388,46.20124977959439,1.7467248908296942,1.4335795667960436,17.753458119001667,Very Low
31.0,78.5,1,6.05,6.05,329.84,47.45989147718899,0.0,0.00626017278076875,17.748538236343983,Very Low
21.5,76.0,135,4.631703703703703,20.12,340.0457037037037,46.74501485865541,2.2222222222222223,0.8451233254037811,17.747988379270527,Very Low
27.0,81.5,158,3.9822151898734175,36.54,334.1367088607595,47.22224926828396,1.2658227848101267,0.9891072993614624,17.74788732937964,Very Low
21.5,78.0,166,4.828012048192772,20.11,334.17385542168677,46.38063791794269,2.4096385542168677,1.0391886816076124,17.74396154977489,Very Low
34.5,74.5,12,7.0183333333333335,18.05,324.72583333333336,46.843420947430495,0.0,0.075122073369225,17.738599397207338,Very Low
15.5,80.0,152,4.2375,12.67,339.265,46.69747531675867,2.631578947368421,0.9515462626768498,17.735554226158484,Very Low
20.5,86.5,351,3.9319373219373217,20.32,332.0598005698006,46.281585399260344,0.2849002849002849,2.197320646049831,17.734001901517846,Very Low
23.0,86.5,139,5.307482014388489,33.83,339.7830935251798,46.13032425916708,2.877697841726619,0.8701640165268562,17.73397974017368,Very Low
14.0,76.5,155,6.055870967741935,34.52,340.18625806451615,46.26643521391585,0.6451612903225806,0.9703267810191561,17.733869772831813,Very Low
24.5,87.0,341,4.374369501466276,21.09,335.91269794721404,45.76625505710726,1.466275659824047,2.1347189182421435,17.732893120381288,Very Low
28.0,74.5,1,3.92,3.92,341.57,48.54930929600246,0.0,0.00626017278076875,17.730103830224525,Very Low
16.5,78.5,158,5.3695569620253165,17.77,340.12848101265826,46.42549368466628,1.2658227848101267,0.9891072993614624,17.729381099635813,Very Low
21.5,77.0,128,5.89703125,28.8,336.61296875,46.24305829003101,1.5625,0.8013021159384,17.72845411937055,Very Low
32.5,76.0,280,4.092892857142857,66.27,320.1457142857143,46.29461119586493,1.4285714285714286,1.7528483786152498,17.727568788434606,Very Low
22.5,74.0,113,4.546991150442478,34.31,332.95805309734516,46.48355401726383,3.5398230088495577,0.7073995242268687,17.724136084977843,Very Low
22.0,75.0,421,3.620736342042755,30.05,319.1371733966746,45.71511987033495,1.187648456057007,2.6355327407036433,17.720985872176765,Very Low
20.5,79.5,292,4.484041095890411,18.26,338.8601712328767,46.09541829201289,1.0273972602739725,1.8279704519844748,17.717432185098865,Very Low
18.0,74.5,313,3.9270287539936106,21.51,332.6829073482428,46.37200814280149,0.6389776357827476,1.9594340803806187,17.716876122796062,Very Low
18.0,76.0,174,4.532068965517242,38.69,329.6271264367816,46.439615693161265,2.2988505747126435,1.0892700638537625,17.71551471579076,Very Low
28.0,77.0,341,3.073958944281525,20.92,322.32372434017594,46.06413460403311,2.6392961876832843,2.1347189182421435,17.710408907641607,Very Low
22.0,85.5,388,4.216288659793815,26.47,331.785,45.46604582258795,1.5463917525773196,2.4289470389382743,17.709144787498804,Very Low
22.5,86.5,320,3.9599062500000004,19.32,335.77278125,45.83990148695092,2.1875,2.0032552898459994,17.70699847298726,Very Low
24.5,84.5,82,4.919878048780488,56.55,335.8342682926829,46.741862006318605,2.4390243902439024,0.5133341680230374,17.706519698384415,Very Low
23.0,72.0,339,3.007345132743363,43.19,321.9273156342183,46.18026332801891,2.359882005899705,2.122198572680606,17.706229209846427,Very Low
18.5,76.5,109,5.547064220183486,49.02,333.45284403669723,46.92286989361282,0.0,0.6823588331037936,17.702830780104453,Very Low
20.0,73.5,259,5.391119691119691,33.13,335.18023166023164,45.7360856540763,1.1583011583011582,1.6213847502191059,17.702679846078286,Very Low
25.5,88.0,88,4.235227272727273,15.66,333.97386363636366,47.42924231464296,1.1363636363636365,0.5508952047076499,17.701496758191006,Very Low
25.5,81.5,130,4.375461538461539,19.78,335.88953846153845,47.19505712452506,0.7692307692307693,0.8138224614999374,17.7011605343307,Very Low
18.0,74.0,249,4.234136546184739,56.88,330.32935742971887,46.509213438119914,0.8032128514056224,1.5587830224114185,17.69872761576486,Very Low
13.0,75.5,203,5.090541871921183,28.88,333.45453201970446,46.426271388835616,0.49261083743842365,1.2708150744960562,17.698567906555727,Very Low
14.0,75.0,289,4.658615916955017,61.44,332.95660899653984,45.960273866708654,1.0380622837370241,1.8091899336421684,17.697386884598043,Very Low
24.5,83.0,125,5.23256,27.88,333.66159999999996,46.51255730470645,1.6,0.7825215975960937,17.69525628800689,Very Low
20.0,84.0,399,3.9717293233082707,45.44,332.35335839598997,45.5006798008716,1.5037593984962405,2.497808939526731,17.695209400422378,Very Low
20.0,77.0,166,5.980903614457832,22.78,340.0824698795181,45.79508088499878,1.8072289156626504,1.0391886816076124,17.695135289530583,Very Low
21.5,73.5,290,4.500586206896552,18.37,332.6176551724138,45.927481803836415,1.3793103448275863,1.8154501064229371,17.692568572570377,Very Low
28.0,72.5,16,2.59125,5.55,334.1475,47.271280480437916,6.25,0.1001627644923,17.69129716760688,Very Low
14.5,78.0,239,5.0093723849372385,25.12,332.7883682008368,45.88582518282901,1.6736401673640167,1.4961812946037312,17.691160012934333,Very Low
27.0,76.0,20,3.5685000000000002,5.97,325.574,47.05979282856967,5.0,0.12520345561537496,17.684438276220554,Very Low
16.5,74.5,259,3.8632818532818534,38.72,326.35795366795367,46.17053152285732,2.3166023166023164,1.6213847502191059,17.68384132073919,Very Low
10.0,78.5,144,5.61513888888889,73.68,336.910625,46.400743495087724,0.6944444444444444,0.9014648804306999,17.6789934683307,Very Low
23.0,88.0,244,3.4137295081967216,14.94,332.87721311475406,46.918274455846,0.819672131147541,1.5274821585075748,17.678626295898916,Very Low
24.0,84.5,209,5.468421052631579,19.57,337.8424880382775,45.85900679990775,1.4354066985645932,1.3083761111806687,17.67836668965076,Very Low
19.5,72.5,280,4.304821428571429,25.92,334.1755357142857,46.14175469706198,1.0714285714285714,1.7528483786152498,17.67812672065784,Very Low
33.5,74.0,175,4.772,74.78,320.7462857142857,46.52403314654494,1.1428571428571428,1.0955302366345312,17.67667967163059,Very Low
21.0,80.0,373,3.9072117962466493,22.4,335.075764075067,45.83648130797663,0.8042895442359249,2.3350444472267435,17.673717561465423,Very Low
34.0,74.0,183,4.291639344262295,31.36,322.86699453551915,46.576986472475674,1.639344262295082,1.145611618880681,17.672242703432623,Very Low
28.5,77.5,315,3.070952380952381,21.97,328.77422222222225,46.87326489963203,0.0,1.971954425942156,17.672143087402606,Very Low
11.5,76.5,172,5.262151162790698,32.95,331.161511627907,46.418668727702745,0.5813953488372093,1.076749718292225,17.669067946995494,Very Low
18.5,75.5,92,5.084239130434782,25.6,328.54347826086956,46.55942158869006,2.1739130434782608,0.5759358958307249,17.668910168188496,Very Low
22.5,71.0,83,4.516144578313253,22.53,339.794578313253,46.847873898849265,2.4096385542168677,0.5195943408038062,17.66710890119421,Very Low
26.0,86.5,28,5.605714285714286,17.9,336.00964285714286,47.295301754692574,0.0,0.175284837861525,17.666712713142534,Very Low
8.0,77.0,144,4.378819444444444,19.93,327.80819444444444,46.62683210284661,2.083333333333333,0.9014648804306999,17.664997047815273,Very Low
9.0,76.5,112,4.569553571428572,20.4,331.80839285714285,47.05660161574853,0.8928571428571428,0.7011393514461,17.662049318521337,Very Low
25.0,78.5,105,6.0842857142857145,27.65,331.7758095238095,46.26899148935734,0.9523809523809524,0.6573181419807186,17.66126592112061,Very Low
21.0,75.0,236,4.734449152542372,29.12,332.9000423728814,45.957348636617766,1.694915254237288,1.4774007762614247,17.660153539460072,Very Low
21.5,74.0,217,4.728433179723502,17.16,332.72866359447005,46.283519996279395,0.9216589861751152,1.3584574934268185,17.654228740162385,Very Low
9.5,78.5,172,4.685174418604651,30.54,338.32877906976745,46.33411240002223,1.744186046511628,1.076749718292225,17.64747282565276,Very Low
26.5,79.5,243,3.676748971193416,35.46,333.5177777777778,46.92112325754553,0.0,1.5212219857268061,17.644825168158015,Very Low
16.5,82.0,174,4.324252873563218,19.01,330.55471264367816,46.83919432887107,0.5747126436781609,1.0892700638537625,17.643953229222813,Very Low
26.5,71.5,233,4.1605150214592275,20.86,345.8611587982832,46.72152961573056,0.0,1.4586202579191185,17.643843696861072,Very Low
31.5,74.0,4,6.7575,9.94,321.645,46.75212389724123,0.0,0.025040691123075,17.64016714492912,Very Low
22.0,73.0,286,3.953111888111888,27.94,329.3519230769231,45.98704437207666,1.7482517482517483,1.7904094152998624,17.6388025242175,Very Low
27.0,79.0,123,5.28,29.48,336.2642276422764,46.78828209923469,0.0,0.7700012520345562,17.636280766126408,Very Low
13.0,80.0,383,3.5525326370757178,40.37,323.5703916449086,45.71281057242799,1.3054830287206265,2.397646175034431,17.635901194646266,Very Low
25.0,73.5,305,3.341803278688525,16.54,324.8617049180328,46.21251183380487,1.639344262295082,1.9093526981344686,17.63373310272803,Very Low
19.0,74.0,175,4.497371428571428,27.27,329.08182857142856,46.216838399525535,2.2857142857142856,1.0955302366345312,17.631908513021923,Very Low
16.0,73.0,36,4.826944444444445,14.56,335.585,46.762591598175334,2.7777777777777777,0.22536622010767499,17.629421044728524,Very Low
20.0,81.5,359,4.137938718662952,28.83,335.32169916434543,45.7392367149722,0.5571030640668524,2.247402028295981,17.627588281330645,Very Low
18.5,76.0,158,4.849367088607595,22.4,332.09278481012655,46.59006474767247,0.6329113924050633,0.9891072993614624,17.626067375907812,Very Low
23.5,82.0,410,3.862658536585366,23.81,332.49297560975606,45.4427813377978,0.975609756097561,2.5666708401151874,17.625762655426726,Very Low
25.5,72.5,35,5.126285714285714,56.2,329.78371428571427,46.56028584056296,2.857142857142857,0.21910604732690622,17.62053594565726,Very Low
24.0,76.0,25,6.284,13.24,338.51160000000004,46.81369787731337,0.0,0.15650431951921873,17.618869998352913,Very Low
20.0,74.5,57,4.849122807017544,53.21,335.1559649122807,46.88117614193313,1.7543859649122806,0.3568298485038187,17.61876086976415,Very Low
24.0,83.0,254,4.479448818897637,32.84,325.8295275590551,45.54936943725586,2.7559055118110236,1.5900838863152622,17.615043794402073,Very Low
13.0,93.0,5,4.952,12.01,331.69,47.63357296846957,0.0,0.03130086390384374,17.61203266887579,Very Low
16.5,78.0,171,4.52748538011696,24.22,338.11321637426903,46.313798025443354,1.7543859649122806,1.070489545511456,17.609598702113153,Very Low
17.0,74.0,320,3.6427187500000002,25.48,325.34559375,45.99366579122525,1.25,2.0032552898459994,17.607540362942085,Very Low
25.5,70.5,2,3.675,4.46,337.845,48.32224112343684,0.0,0.0125203455615375,17.60684262304043,Very Low
27.0,80.5,119,4.243781512605042,30.27,332.9390756302521,47.28214286045052,0.0,0.7449605609114811,17.605903808523504,Very Low
20.5,83.5,300,3.7521333333333335,23.1,336.25853333333333,46.400036161943504,0.0,1.878051834230625,17.601482286381636,Very Low
26.5,70.0,5,4.504,10.69,334.828,47.841647878878625,0.0,0.03130086390384374,17.600784085673197,Very Low
28.0,77.5,337,3.6066172106824927,30.09,329.7314243323442,46.15232431851602,0.2967359050445104,2.1096782271190686,17.59821739960539,Very Low
28.0,76.5,156,5.461538461538462,41.31,332.4348076923077,46.36451030944408,0.0,0.9765869537999249,17.59433440804353,Very Low
28.0,78.5,80,3.508375,10.81,334.34725,47.52420266552742,1.25,0.5008138224614999,17.59216187107652,Very Low
19.5,75.5,108,4.813796296296296,17.55,332.1812962962963,46.462538395616825,1.8518518518518516,0.6760986603230249,17.58709871221271,Very Low
23.0,68.5,284,3.447042253521127,37.79,322.65985915492956,46.21935755251158,1.4084507042253522,1.7778890697383247,17.586777357894714,Very Low
10.5,76.0,107,4.619532710280374,24.55,334.8680373831775,46.83120396656914,0.9345794392523363,0.6698384875422562,17.58575650205357,Very Low
9.0,78.5,99,3.911111111111111,13.73,336.6588888888889,46.94210643368943,2.0202020202020203,0.6197571052961062,17.582658805985265,Very Low
18.5,72.5,116,4.991637931034482,70.68,332.1311206896552,46.333738476360175,1.7241379310344827,0.7261800425691749,17.580150832624934,Very Low
12.5,76.0,157,5.7927388535031845,65.55,338.1514649681529,45.58871018692812,1.910828025477707,0.9828471265806935,17.57823360167879,Very Low
26.0,90.0,96,4.1553125,14.4,333.7394791666667,47.392636831025754,0.0,0.6009765869538,17.57757959594621,Very Low
17.0,77.0,336,4.079702380952381,22.53,330.2786309523809,45.67092322127099,0.8928571428571428,2.1034180543382996,17.575930538579872,Very Low
16.5,81.5,217,3.5859447004608294,43.66,327.3683410138249,46.80251182890638,0.4608294930875576,1.3584574934268185,17.575385582931393,Very Low
20.5,83.0,295,3.8029491525423724,16.58,338.4002711864407,45.930884739685716,1.3559322033898304,1.8467509703267808,17.571453657302058,Very Low
21.0,86.5,152,3.56,12.46,333.1693421052631,47.34093280701304,0.0,0.9515462626768498,17.570462081915803,Very Low
27.5,82.5,216,3.7723611111111115,22.17,329.66643518518515,46.55999289540588,0.9259259259259258,1.3521973206460498,17.569806741664596,Very Low
20.5,76.5,66,4.750151515151515,17.97,340.86999999999995,46.370358283296106,3.0303030303030303,0.4131714035307374,17.568712227735993,Very Low
19.5,77.0,142,5.346901408450704,37.91,339.1478169014084,45.83559145981188,2.112676056338028,0.8889445348691624,17.568291981460355,Very Low
28.0,93.0,2,3.61,4.51,341.115,48.2396857095035,0.0,0.0125203455615375,17.565749875217385,Very Low
20.0,73.0,285,4.4183508771929825,17.32,334.07021052631575,45.73248039067057,1.0526315789473684,1.7841492425190935,17.56526204398665,Very Low
26.0,75.5,19,6.972631578947368,33.45,338.3752631578947,46.324177681810475,0.0,0.11894328283460623,17.56362496785678,Very Low
8.5,76.5,12,5.855833333333333,17.56,329.85833333333335,46.96213115360056,0.0,0.075122073369225,17.561985118595217,Very Low
25.5,81.0,166,3.7328313253012047,13.8,335.0253614457831,46.78707597002144,1.2048192771084338,1.0391886816076124,17.560203694170173,Very Low
21.0,76.5,152,4.628289473684211,54.09,331.7552631578948,46.16910141856756,1.9736842105263157,0.9515462626768498,17.558172163918563,Very Low
21.5,74.5,64,6.48984375,42.85,337.47234375,46.281190852147695,0.0,0.4006510579692,17.55657397053018,Very Low
8.0,78.0,5,4.598000000000001,6.45,335.996,47.65660569304453,0.0,0.03130086390384374,17.553660015661404,Very Low
21.0,84.5,442,3.505814479638009,14.68,332.3568778280543,45.114205190055344,1.3574660633484164,2.7669963690997874,17.552092727225656,Very Low
25.5,85.5,25,4.5036000000000005,8.36,333.3604,46.432556715325184,4.0,0.15650431951921873,17.55134832110751,Very Low
22.5,73.0,50,5.234399999999999,32.26,336.19379999999995,46.42565092080158,2.0,0.31300863903843745,17.54085482536687,Very Low
27.5,95.0,385,2.8896103896103895,19.4,319.1304935064935,45.858393590978885,1.0389610389610389,2.4101665205959684,17.54017656463914,Very Low
19.0,75.0,208,4.115288461538461,15.3,329.98514423076927,46.33135976855699,0.9615384615384616,1.3021159383999,17.540174053280694,Very Low
15.5,75.0,342,3.039473684210526,24.42,325.1769005847953,46.09270806350089,0.8771929824561403,2.140979091022912,17.539918614193677,Very Low
18.5,75.0,151,5.2062913907284765,19.99,333.3084105960265,46.367283774848595,0.0,0.9452860898960811,17.536448374595416,Very Low
26.0,87.0,27,4.162592592592593,12.34,332.7474074074074,47.69655492256444,0.0,0.16902466508075623,17.534133988235748,Very Low
16.5,75.5,141,4.362553191489361,18.82,330.89702127659575,46.26052221316127,2.127659574468085,0.8826843620883937,17.531595390739675,Very Low
17.5,78.5,188,4.4060106382978725,26.28,335.7464361702128,46.241860434012835,1.0638297872340425,1.1769124827845248,17.529816158855166,Very Low
23.0,69.5,119,4.836806722689076,34.06,336.18352941176465,46.262169939992866,1.680672268907563,0.7449605609114811,17.52827175661871,Very Low
33.5,74.5,13,4.8307692307692305,14.46,331.10923076923075,47.40622387939849,0.0,0.08138224614999374,17.527237960548035,Very Low
25.5,82.0,150,4.269533333333333,24.67,334.66433333333333,46.84665785476119,0.0,0.9390259171153125,17.52623969733058,Very Low
20.5,74.0,107,4.529626168224299,23.47,331.9436448598131,46.70199271259708,0.9345794392523363,0.6698384875422562,17.523660074975844,Very Low
30.0,80.5,80,4.774,36.59,321.322625,46.28617385464767,2.5,0.5008138224614999,17.52136779415709,Very Low
23.5,83.0,395,4.096405063291139,18.32,334.1236962025316,45.31936156846592,0.25316455696202533,2.4727682484036557,17.52132181119022,Very Low
23.0,69.0,123,4.495040650406504,39.87,338.6667479674797,46.416014853169386,1.6260162601626018,0.7700012520345562,17.521277914559878,Very Low
21.0,75.5,259,4.806138996138996,16.57,334.720193050193,45.751199281439085,0.3861003861003861,1.6213847502191059,17.52096798483229,Very Low
16.0,74.5,134,4.394626865671642,36.84,332.54820895522386,46.43335792932764,1.4925373134328357,0.8388631526230125,17.51925741118091,Very Low
21.5,79.5,223,4.176233183856502,15.16,336.6958295964125,46.160825684576714,0.8968609865470852,1.396018530111431,17.51832259476525,Very Low
25.0,87.0,133,4.4738345864661655,14.08,330.58962406015036,46.575412509617145,0.7518796992481203,0.8326029798422436,17.50758436522633,Very Low
28.0,78.0,98,3.3764285714285713,11.85,331.8045918367347,47.30315165823483,1.0204081632653061,0.6134969325153374,17.506511937127527,Very Low
27.0,97.0,4,4.3525,5.32,333.65749999999997,47.62747535608807,0.0,0.025040691123075,17.49520109650977,Very Low
18.5,77.0,141,4.82304964539007,48.05,334.2064539007092,46.10665866233978,1.4184397163120568,0.8826843620883937,17.493241135601675,Very Low
21.0,72.0,39,3.5848717948717947,8.63,338.2917948717949,47.079223266410516,2.564102564102564,0.24414673844998122,17.492351779978172,Very Low
22.0,87.5,149,4.499597315436242,47.85,336.6281208053691,46.63219026885391,0.0,0.9327657443345436,17.492160391850366,Very Low
20.5,79.0,191,5.212041884816754,36.51,337.11811518324606,45.5361320077445,1.5706806282722512,1.195693001126831,17.491334915659355,Very Low
25.0,86.5,114,4.646403508771929,18.58,334.2659649122807,46.76826208388946,0.0,0.7136596970076374,17.49064908379488,Very Low
20.5,72.5,68,4.620441176470588,26.53,335.99573529411765,46.646555998185036,1.4705882352941175,0.4256917490922749,17.489449723361634,Very Low
14.5,74.0,15,4.933333333333334,11.94,336.45933333333335,47.224585253752295,0.0,0.09390259171153124,17.48729445671386,Very Low
21.0,73.0,213,3.779014084507042,25.42,330.7690610328638,46.20153794702084,1.4084507042253522,1.3334168023037436,17.48727534948807,Very Low
24.5,72.0,17,4.907058823529412,31.24,343.40764705882356,47.22099226206321,0.0,0.10642293727306873,17.485488172967973,Very Low
27.0,79.5,110,4.727909090909091,54.71,334.8967272727273,46.72495699430589,0.0,0.6886190058845624,17.482023966055383,Very Low
10.0,76.0,15,6.502666666666666,26.84,328.47266666666667,46.36089370922249,0.0,0.09390259171153124,17.47951444521313,Very Low
14.0,79.5,114,4.754122807017544,23.42,334.9156140350877,46.67523606794903,0.0,0.7136596970076374,17.478305332356275,Very Low
24.5,71.5,14,4.656428571428571,7.9,343.73214285714283,47.35036386192691,0.0,0.0876424189307625,17.477160031897935,Very Low
21.0,86.0,294,3.5915646258503404,42.36,328.5577891156463,46.069889709035074,0.3401360544217687,1.8404907975460123,17.47666482791209,Very Low
30.5,79.0,70,4.904285714285715,41.85,320.32214285714286,46.45289608072076,1.4285714285714286,0.43821209465381245,17.475117436433695,Very Low
10.0,76.5,82,4.881951219512195,43.49,327.56146341463415,46.79589859767691,0.0,0.5133341680230374,17.474412453265415,Very Low
22.0,71.5,69,5.6298550724637675,21.66,338.41347826086957,46.47558225041407,0.0,0.43195192187304376,17.474174794313292,Very Low
25.5,71.0,41,5.439756097560975,21.51,339.2136585365854,46.74711923984928,0.0,0.2566670840115187,17.472187749047045,Very Low
12.0,76.5,235,4.553021276595745,40.64,334.6731489361702,46.007242530418736,0.0,1.471140603480656,17.47188579693022,Very Low
15.0,77.5,162,5.7602469135802465,57.14,336.77777777777777,45.633488431021725,0.6172839506172839,1.0141479904845374,17.469409218128895,Very Low
20.0,74.0,48,4.323333333333333,17.75,336.4004166666667,47.28282460279889,0.0,0.3004882934769,17.46550637377056,Very Low
26.5,89.0,80,4.63425,15.07,336.12399999999997,46.90530505860521,0.0,0.5008138224614999,17.461837256707526,Very Low
25.0,89.5,4,3.355,4.18,336.36,48.066941097883,0.0,0.025040691123075,17.461816305153295,Very Low
21.0,79.5,337,3.1374183976261127,28.41,323.8154302670623,45.92834143936209,0.5934718100890208,2.1096782271190686,17.46144386358011,Very Low
24.0,73.0,308,4.010909090909091,51.92,329.60506493506495,45.43954595858737,1.2987012987012987,1.9281332164767746,17.461272990784405,Very Low
20.5,82.5,269,3.588921933085502,19.35,333.34408921933084,46.172575022107644,0.37174721189591076,1.6839864780267937,17.460493345263572,Very Low
28.0,79.0,144,3.466388888888889,18.03,333.37097222222224,46.92750595116268,0.6944444444444444,0.9014648804306999,17.460110929595153,Very Low
26.5,88.0,159,3.594465408805031,54.1,324.2077987421384,46.78207811363088,0.628930817610063,0.9953674721422312,17.45956146309124,Very Low
15.5,77.0,198,4.277020202020202,21.39,330.33651515151513,46.06214652041842,1.0101010101010102,1.2395142105922123,17.45924677198695,Very Low
23.5,83.5,311,4.5433118971061095,36.19,334.28922829581995,45.401690192652794,0.3215434083601286,1.946913734819081,17.456795285702682,Very Low
15.5,75.5,188,3.7254255319148935,26.26,327.5707978723404,46.23514286161909,1.5957446808510638,1.1769124827845248,17.452933154222084,Very Low
26.0,71.5,19,2.7663157894736843,4.0,340.5478947368421,48.25923800665139,0.0,0.11894328283460623,17.45150954918348,Very Low
22.0,84.0,219,3.9191780821917805,19.41,331.4361187214612,45.73373544319503,2.28310502283105,1.370977838988356,17.45046042037434,Very Low
26.0,72.5,20,6.0845,34.37,328.456,46.46325114658187,0.0,0.12520345561537496,17.4478187800336,Very Low
24.0,71.5,12,4.45,10.78,334.86833333333334,47.388977033159925,0.0,0.075122073369225,17.44755269669063,Very Low
10.0,79.0,81,4.6312345679012346,18.47,337.02012345679015,46.50589192655917,1.2345679012345678,0.5070739952422687,17.447124614087734,Very Low
19.5,74.0,137,4.550583941605839,39.35,330.28846715328467,46.54760583995825,0.0,0.8576436709653187,17.44583162162014,Very Low
20.0,76.0,130,5.689,22.08,336.91123076923077,45.747782721466876,0.7692307692307693,0.8138224614999374,17.441122274221566,Very Low
26.0,75.0,23,7.530869565217392,25.04,338.93304347826086,45.639157757989146,0.0,0.14398397395768123,17.437395066944593,Very Low
24.0,72.5,87,4.986091954022989,29.14,332.8066666666667,46.26445263001139,1.1494252873563218,0.5446350319268812,17.43384797161764,Very Low
24.5,85.0,196,4.47265306122449,14.59,335.3914285714286,45.877896725135415,1.0204081632653061,1.2269938650306749,17.4281217636152,Very Low
23.0,74.0,94,5.487553191489362,47.22,331.728085106383,46.24116526455574,0.0,0.5884562413922624,17.420199998493707,Very Low
11.0,79.5,89,3.7182022471910114,30.51,331.08112359550563,46.89862694329759,1.1235955056179776,0.5571553774884187,17.419667106486553,Very Low
22.0,68.5,4,2.6825,4.93,339.6325,48.30330590841032,0.0,0.025040691123075,17.418337952585013,Very Low
20.0,84.5,413,3.415956416464891,23.97,330.1722276029056,45.20749571799785,0.48426150121065376,2.5854513584574934,17.41701981176445,Very Low
28.5,94.5,4,6.35,13.31,335.635,46.32030729574803,0.0,0.025040691123075,17.41255704478117,Very Low
24.5,86.0,280,3.861607142857143,82.36,334.8383928571429,45.51033651737128,1.4285714285714286,1.7528483786152498,17.409667962126274,Very Low
23.5,88.0,255,3.3971372549019607,9.86,334.74529411764706,46.31153379720958,0.0,1.5963440590960312,17.40528769959252,Very Low
23.0,73.0,33,5.1009090909090915,11.95,336.11121212121213,46.75064599298258,0.0,0.2065857017653687,17.392303238365837,Very Low
20.0,81.0,279,3.652401433691756,19.0,333.4874910394265,45.987236757779904,0.0,1.746588205834481,17.392273841726645,Very Low
10.5,77.0,128,3.886796875,37.37,320.7475,46.13197176383153,2.34375,0.8013021159384,17.390444244259527,Very Low
23.5,75.0,67,5.579701492537313,32.59,331.6505970149254,46.2728694566163,0.0,0.41943157631150624,17.389431025238043,Very Low
22.0,78.0,210,4.4526666666666666,21.43,333.8407619047619,45.69972182309578,0.9523809523809524,1.3146362839614372,17.38588188736263,Very Low
27.5,74.0,1,2.92,2.92,336.52,48.09468043153761,0.0,0.00626017278076875,17.383316759256118,Very Low
23.5,81.5,261,4.302567049808429,22.92,334.94643678160924,45.721440590440785,0.0,1.6339050957806436,17.381820704777365,Very Low
25.5,86.0,59,3.641864406779661,11.08,332.6915254237288,47.33707596093441,0.0,0.3693501940653562,17.380706806814935,Very Low
22.0,78.5,99,4.950909090909091,39.81,333.88232323232324,45.80724133110451,2.0202020202020203,0.6197571052961062,17.380591754703616,Very Low
28.0,75.5,26,3.9680769230769233,8.93,334.4676923076923,47.36632268712553,0.0,0.1627644922999875,17.379857479353447,Very Low
21.5,77.5,100,5.4374,24.41,334.2583,46.10672652618071,0.0,0.6260172780768749,17.376880705499385,Very Low
27.0,78.5,110,4.3367272727272725,32.28,334.3617272727273,46.62054398782478,0.0,0.6886190058845624,17.372067507873375,Very Low
18.0,76.5,154,3.8646753246753245,40.79,323.8885714285714,46.411913146285855,0.6493506493506493,0.9640666082383873,17.371799881072732,Very Low
28.0,97.0,33,4.05030303030303,17.44,319.53848484848487,46.37607310980943,3.0303030303030303,0.2065857017653687,17.36706897790293,Very Low
21.5,87.5,142,3.2337323943661973,11.17,332.8847887323944,46.99546885451641,0.0,0.8889445348691624,17.366409441371005,Very Low
21.5,80.0,310,3.5751612903225807,13.24,330.24229032258063,45.760264556778715,0.0,1.9406535620383123,17.366261022502258,Very Low
20.5,84.0,306,3.4683333333333333,20.22,331.1518954248366,45.64918190054823,0.6535947712418301,1.9156128709152374,17.363929249223546,Very Low
28.5,78.0,161,3.2124844720496895,13.57,332.7070807453416,46.88050518683468,0.0,1.0078878177037687,17.363814773508455,Very Low
22.5,69.0,63,4.448095238095238,14.85,336.75857142857143,46.37652664893945,1.5873015873015872,0.3943908851884312,17.363311844188143,Very Low
11.0,76.0,102,3.8130392156862745,20.16,329.3531372549019,46.645296890087174,0.9803921568627451,0.6385376236384124,17.362962805510172,Very Low
22.0,77.5,222,3.090225225225225,14.98,325.377972972973,46.4313472365827,0.45045045045045046,1.3897583573306622,17.362365202623607,Very Low
22.5,83.5,164,3.8776829268292685,14.78,326.8704268292683,45.801302687444185,2.4390243902439024,1.0266683360460749,17.361405296562623,Very Low
21.5,73.0,189,4.784814814814815,24.02,334.6168253968254,45.84801509867636,0.0,1.1831726555652935,17.358867404663624,Very Low
22.5,88.0,207,3.645652173913043,15.01,330.87574879227054,46.2069026336273,0.4830917874396135,1.295855765619131,17.358443109820172,Very Low
18.0,72.5,48,4.573333333333333,19.8,333.8275,46.24734325860923,2.083333333333333,0.3004882934769,17.35833797873894,Very Low
19.5,78.5,309,3.98663430420712,27.5,329.8004854368932,45.42897106635874,0.3236245954692557,1.9343933892575433,17.357699593025398,Very Low
28.0,73.5,1,1.73,1.73,343.72,48.651873732505585,0.0,0.00626017278076875,17.35501072219211,Very Low
30.5,79.5,44,4.490909090909091,12.63,323.83454545454543,46.24239107320489,2.272727272727273,0.2754476023538249,17.351311558194848,Very Low
28.5,78.5,168,2.8851190476190474,12.55,329.5235119047619,46.97056528111712,0.0,1.0517090271691498,17.34923755305644,Very Low
21.5,84.5,377,3.4414854111405835,20.74,329.1246684350133,45.28720250078102,0.2652519893899204,2.3600851383498185,17.34892900655603,Very Low
14.5,74.5,102,4.244509803921568,10.63,337.6894117647059,46.35852849302039,0.9803921568627451,0.6385376236384124,17.343566643787145,Very Low
22.0,80.5,118,4.699661016949153,14.85,334.5641525423729,46.04548418630187,0.847457627118644,0.7387003881307124,17.341181499348632,Very Low
22.0,86.0,379,3.699419525065963,23.84,330.9220052770449,45.17077274217612,0.0,2.372605483911356,17.33444122626065,Very Low
11.0,77.0,124,4.328225806451614,38.53,334.8690322580645,46.19521989095305,0.8064516129032258,0.7762614248153249,17.332928637481402,Very Low
25.5,74.5,22,4.001818181818181,13.6,336.2481818181818,47.23282212636627,0.0,0.13772380117691246,17.330700160932796,Very Low
23.0,83.0,166,4.414819277108434,21.2,335.6035542168675,46.10812489249276,0.0,1.0391886816076124,17.330075500729176,Very Low
24.0,88.0,157,3.9461146496815283,21.21,336.35057324840767,46.04875047674092,1.2738853503184715,0.9828471265806935,17.329003069481523,Very Low
11.5,79.5,84,4.15202380952381,41.63,333.7182142857143,46.40862071856861,1.1904761904761905,0.5258545135845749,17.325311671382913,Very Low
11.0,75.5,7,3.6599999999999997,7.52,331.02,47.48945208327211,0.0,0.04382120946538125,17.323506756823033,Very Low
23.0,81.5,66,5.176212121212121,18.55,339.4604545454545,45.86733967409476,1.5151515151515151,0.4131714035307374,17.321098065296862,Very Low
24.0,72.0,16,4.69125,17.14,336.225,46.84943603056401,0.0,0.1001627644923,17.312752243803015,Very Low
9.5,79.0,22,5.1877272727272725,12.68,339.02454545454543,46.5302398430437,0.0,0.13772380117691246,17.307352325665583,Very Low
19.0,84.5,89,3.768314606741573,9.07,334.0908988764045,46.86804700453712,0.0,0.5571553774884187,17.306009011955094,Very Low
25.5,75.5,30,4.650333333333333,32.27,331.009,46.76425226309579,0.0,0.1878051834230625,17.3059340650243,Very Low
16.0,75.0,339,2.466047197640118,37.16,319.585191740413,45.74713972402252,0.8849557522123894,2.122198572680606,17.305559580593854,Very Low
21.0,77.0,54,4.846111111111111,41.79,330.92425925925926,46.5041589745036,0.0,0.33804933016151245,17.30422788741226,Very Low
21.5,75.5,69,5.799565217391304,20.58,338.58246376811593,45.47958165669444,1.4492753623188406,0.43195192187304376,17.30235111114955,Very Low
21.5,71.5,81,4.648641975308642,23.45,331.46765432098766,46.071208634468036,1.2345679012345678,0.5070739952422687,17.298252257231784,Very Low
26.5,91.5,55,3.1307272727272726,9.39,332.38363636363636,47.388367283943374,0.0,0.3443095029422812,17.293970971587797,Very Low
20.5,77.0,65,4.795538461538461,19.74,337.6653846153846,45.55178935500992,3.076923076923077,0.4069112307499687,17.293201677658192,Very Low
12.0,76.0,84,4.336904761904762,13.88,333.96476190476193,45.87521801503457,2.380952380952381,0.5258545135845749,17.292364392042906,Very Low
26.0,87.5,26,4.2226923076923075,10.61,335.4723076923077,46.97735115009577,0.0,0.1627644922999875,17.291500338733258,Very Low
17.0,75.0,83,4.886024096385542,22.38,339.0746987951807,46.257475545074676,0.0,0.5195943408038062,17.28891978978341,Very Low
33.5,75.0,117,4.735042735042735,29.25,319.4324786324786,46.121381541723395,0.0,0.7324402153499437,17.28744873033264,Very Low
33.0,73.5,8,4.9937499999999995,7.72,321.45,46.663703555155166,0.0,0.05008138224615,17.28698665156649,Very Low
27.0,75.5,29,2.6955172413793105,11.95,322.8920689655172,46.76758118194094,3.4482758620689653,0.18154501064229372,17.282881302586016,Very Low
28.0,96.0,15,4.247333333333334,10.06,330.6306666666667,47.004320865813774,0.0,0.09390259171153124,17.28146238060906,Very Low
15.5,73.5,369,2.39780487804878,17.38,318.34319783197833,45.62035997305177,0.5420054200542005,2.3100037561036686,17.27981661950167,Very Low
14.0,80.0,102,4.432549019607843,29.97,329.0287254901961,46.073856065323376,0.9803921568627451,0.6385376236384124,17.279220043642425,Very Low
29.0,75.0,113,5.034424778761061,49.79,334.6695575221239,45.95815872678954,0.0,0.7073995242268687,17.277740623752436,Very Low
23.0,81.0,158,4.730443037974683,33.31,337.2549367088607,45.47532835053303,1.2658227848101267,0.9891072993614624,17.27688266009671,Very Low
23.0,71.0,71,3.9025352112676055,10.78,335.59154929577466,46.017356351282665,2.8169014084507045,0.4444722674345812,17.27570710959125,Very Low
12.5,74.5,38,4.485,14.16,336.9005263157895,46.714433968394694,0.0,0.23788656566921246,17.274998540221993,Very Low
21.5,75.0,68,6.005,26.76,338.0186764705882,45.29086303543917,1.4705882352941175,0.4256917490922749,17.27479314339173,Very Low
19.0,81.5,195,3.8007692307692307,15.4,334.89441025641025,45.950700422892204,0.5128205128205128,1.2207336922499061,17.274562830729966,Very Low
17.5,83.5,2,2.645,3.39,335.505,47.910494142330435,0.0,0.0125203455615375,17.269434202195303,Very Low
20.5,71.0,303,2.452904290429043,23.09,316.1390759075908,45.82436890331316,0.9900990099009901,1.896832352572931,17.261759452524416,Very Low
23.5,72.0,61,3.7972131147540984,15.1,336.1067213114754,46.89541933326498,0.0,0.3818705396268937,17.259662929148476,Very Low
28.0,76.0,39,5.127948717948718,25.56,331.12974358974355,46.30114986524302,0.0,0.24414673844998122,17.253200401329952,Very Low
11.5,77.5,283,2.6083392226148407,31.12,318.0131448763251,45.80975167410896,1.0600706713780919,1.771628896957556,17.248989381492937,Very Low
11.0,77.5,194,3.24340206185567,45.61,326.7466494845361,46.32843476319665,0.0,1.2144735194691372,17.248697331202315,Very Low
19.0,72.5,179,3.9069273743016764,17.54,328.59016759776534,45.89772337490694,0.5586592178770949,1.1205709277576061,17.24547014383679,Very Low
8.0,93.5,1,2.74,2.74,334.63,47.789802057001985,0.0,0.00626017278076875,17.24282927385562,Very Low
26.0,90.5,62,3.26741935483871,7.63,331.1466129032258,47.11177958542526,0.0,0.38813071240766245,17.238155289074257,Very Low
14.5,76.0,120,4.434166666666667,20.2,338.05458333333337,45.8812607642187,0.8333333333333334,0.75122073369225,17.23684847334117,Very Low
25.0,72.5,15,6.844666666666667,25.69,339.4986666666666,45.479947731678436,0.0,0.09390259171153124,17.235365456267463,Very Low
14.5,80.0,11,3.2263636363636365,6.21,336.99,47.43700866334511,0.0,0.06886190058845623,17.23253657998755,Very Low
26.5,76.5,25,5.3184000000000005,14.59,338.3968,46.22717175688016,0.0,0.15650431951921873,17.23237463150873,Very Low
21.0,84.0,317,3.6076340694006315,22.62,332.19233438485804,45.13417741885824,0.6309148264984227,1.9844747715036934,17.231653498198103,Very Low
27.0,70.0,34,4.466764705882353,32.14,336.14088235294116,46.617637899117206,0.0,0.21284587454613746,17.22893351171675,Very Low
24.5,71.0,79,2.871392405063291,6.62,341.11620253164557,47.18891167870311,0.0,0.4945536496807312,17.228078372695762,Very Low
22.5,73.5,165,4.15860606060606,16.66,330.31527272727277,45.781594938046496,0.6060606060606061,1.0329285088268436,17.226122259199297,Very Low
10.0,78.0,96,5.181875000000001,86.08,329.3259375,45.83528270564983,0.0,0.6009765869538,17.225157524318632,Very Low
20.5,85.5,215,3.6218139534883718,33.04,326.91404651162793,45.79250854152766,0.46511627906976744,1.345937147865281,17.224662463975182,Very Low
26.0,85.0,54,3.3825925925925926,11.78,331.2425925925926,47.05899598841046,0.0,0.33804933016151245,17.22376675870367,Very Low
23.0,82.5,107,4.784766355140187,46.28,336.0245794392523,45.706217471432296,0.9345794392523363,0.6698384875422562,17.223020125965142,Very Low
21.5,86.0,283,3.7748056537102475,13.07,329.04809187279153,45.410230819923775,0.0,1.771628896957556,17.22205723426102,Very Low
18.0,77.0,141,4.612056737588652,22.88,333.19751773049643,45.84268788970397,0.0,0.8826843620883937,17.219410994185736,Very Low
20.0,83.0,209,4.179425837320574,32.21,337.0538277511962,45.64144807886194,0.0,1.3083761111806687,17.216778643081376,Very Low
34.0,73.5,93,4.70483870967742,38.7,319.1859139784946,46.07493552935303,0.0,0.5821960686114936,17.212938876770593,Very Low
24.0,85.0,202,4.22470297029703,12.74,334.6123762376237,45.49174799257418,0.49504950495049505,1.2645549017152873,17.20704816234662,Very Low
24.0,87.0,263,3.2645247148288976,27.35,334.76596958174906,45.651062147256496,0.38022813688212925,1.6464254413421813,17.204786926215217,Very Low
15.0,77.0,311,3.331800643086817,33.5,321.0428295819936,45.232892755016515,0.6430868167202572,1.946913734819081,17.20250987913479,Very Low
23.0,86.0,134,4.686119402985075,39.26,327.7873880597015,45.58215330373076,0.7462686567164178,0.8388631526230125,17.201412447340868,Very Low
22.5,81.5,115,4.496782608695652,12.22,334.60565217391303,45.99760134455405,0.0,0.7199198697884062,17.19502998477331,Very Low
23.0,83.5,276,3.7899637681159417,20.74,327.1796739130435,45.25854874009842,0.36231884057971014,1.727807687492175,17.192707644444493,Very Low
27.0,74.0,11,4.3127272727272725,8.01,340.82272727272726,46.73131066965032,0.0,0.06886190058845623,17.189416852416944,Very Low
20.5,75.0,99,3.8129292929292933,25.8,332.4887878787879,46.44751442085203,0.0,0.6197571052961062,17.18910591530123,Very Low
22.5,69.5,402,1.9361194029850748,18.28,312.4116666666667,45.473566762062575,0.24875621890547264,2.516589457869037,17.1847759576963,Very Low
11.5,75.5,16,3.90375,8.63,333.701875,46.89235969598065,0.0,0.1001627644923,17.179987789079338,Very Low
26.0,86.0,13,3.2576923076923077,7.99,332.8361538461538,47.21870723290502,0.0,0.08138224614999374,17.166392557052482,Very Low
10.5,76.5,142,3.6556338028169018,17.79,329.1507746478874,46.17113684538874,0.0,0.8889445348691624,17.157070196466364,Very Low
27.5,78.0,88,3.922613636363636,42.94,331.0057954545454,46.355344704320125,0.0,0.5508952047076499,17.153328977522996,Very Low
12.0,80.0,22,3.1981818181818182,6.43,333.00454545454545,47.12853460646707,0.0,0.13772380117691246,17.143383528903847,Very Low
10.5,77.5,73,3.758356164383562,16.11,333.1182191780822,46.50248520221369,0.0,0.4569926129961187,17.141136542882222,Very Low
23.0,72.5,33,3.3924242424242426,8.07,330.7518181818182,46.93898371403395,0.0,0.2065857017653687,17.137595268651573,Very Low
20.0,78.5,178,4.390561797752809,15.61,335.5188764044944,45.49331360602059,0.0,1.1143107549768374,17.13663194853131,Very Low
19.5,81.5,131,3.7883969465648857,15.07,334.3203816793893,46.09892114745202,0.0,0.8200826342807062,17.132608293685745,Very Low
20.5,74.5,52,3.786153846153846,25.02,330.92173076923075,46.589372744488784,0.0,0.325528984599975,17.130751619406393,Very Low
13.0,92.5,3,2.2333333333333334,3.96,334.68666666666667,47.72264345367268,0.0,0.01878051834230625,17.12862128631134,Very Low
27.5,73.5,6,3.44,7.29,337.2766666666667,47.04673074223472,0.0,0.0375610366846125,17.12507649393742,Very Low
26.0,89.5,32,3.7028125,11.17,335.3796875,46.725776224349765,0.0,0.2003255289846,17.119031210116813,Very Low
15.0,73.5,29,4.035517241379311,9.29,332.44448275862067,46.564055122544126,0.0,0.18154501064229372,17.118293333253888,Very Low
22.5,72.5,296,2.117195945945946,12.12,316.76760135135135,45.630398120451446,1.0135135135135136,1.8530111431075498,17.11787233829354,Very Low
24.5,72.5,38,4.034473684210527,10.23,327.7184210526316,46.48767035231734,0.0,0.23788656566921246,17.11108236672371,Very Low
19.5,76.5,92,5.739673913043478,17.93,336.78108695652173,45.23238825873626,0.0,0.5759358958307249,17.110060656996673,Very Low
23.0,84.0,354,2.8745197740112998,14.3,323.2209604519774,45.04031029642703,0.2824858757062147,2.2161011643921373,17.107445010468307,Very Low
26.5,77.0,6,4.173333333333333,14.68,331.47499999999997,46.60286630590006,0.0,0.0375610366846125,17.107346384717815,Very Low
15.0,74.0,93,4.319354838709677,40.92,329.8579569892473,45.95739175878992,0.0,0.5821960686114936,17.09945596763969,Very Low
23.5,81.0,120,4.288250000000001,23.71,334.04341666666664,45.78603192083672,0.0,0.75122073369225,17.092801306350943,Very Low
23.0,80.5,132,3.8536363636363635,25.33,322.9843181818182,45.723583265517505,0.7575757575757576,0.8263428070614748,17.09143195486187,Very Low
10.0,79.5,8,3.3875,7.18,333.37125,46.964385335965254,0.0,0.05008138224615,17.090785206848345,Very Low
26.0,88.5,13,4.504615384615385,8.45,334.69,46.32957448886616,0.0,0.08138224614999374,17.089202370320162,Very Low
10.5,78.0,56,4.35375,11.59,335.4575,46.1246992189806,0.0,0.35056967572305,17.083399176842654,Very Low
24.0,85.5,103,4.370291262135922,61.53,328.9507766990291,45.25238787043236,1.9417475728155338,0.6447977964191812,17.07834905289462,Very Low
26.5,86.0,5,2.37,2.98,331.184,47.48067640712532,0.0,0.03130086390384374,17.07396275998175,Very Low
26.0,73.0,29,3.2831034482758623,11.82,330.2958620689655,46.82789451581114,0.0,0.18154501064229372,17.069433905358974,Very Low
20.0,79.0,190,3.530473684210526,17.14,324.7512105263158,45.53215556365569,0.5263157894736842,1.1894328283460625,17.067740809499924,Very Low
23.0,70.5,50,4.7776,19.12,337.2668,45.887061484285056,0.0,0.31300863903843745,17.06662225141836,Very Low
21.5,88.5,1,2.17,2.17,331.92,47.58099435083455,0.0,0.00626017278076875,17.062776404705758,Very Low
20.5,78.5,237,3.4934599156118145,47.17,323.1418143459916,45.38735967052756,0.0,1.4836609490421937,17.060464248459162,Very Low
26.0,91.0,60,3.6613333333333333,13.78,330.6406666666666,46.403016998671404,0.0,0.375610366846125,17.05963090492059,Very Low
25.0,71.0,5,5.096,14.31,341.382,45.97627547673889,0.0,0.03130086390384374,17.059002590220473,Very Low
12.5,80.0,64,3.8525,10.1,333.7375,46.27117478667344,0.0,0.4006510579692,17.058126041407938,Very Low
28.5,75.0,3,4.036666666666666,6.02,341.8566666666666,46.52769608679957,0.0,0.01878051834230625,17.048815807597386,Very Low
27.0,94.5,200,3.0257,15.68,322.8893,45.834166809909966,0.0,1.2520345561537498,17.04799442442747,Very Low
24.5,86.5,86,4.311162790697674,24.79,335.56872093023253,45.497890431668466,1.1627906976744187,0.5383748591461125,17.038034772786293,Very Low
12.0,78.0,57,4.512982456140351,34.53,328.3433333333333,45.89577395625438,0.0,0.3568298485038187,17.035349067677405,Very Low
26.5,74.5,10,4.268,7.18,337.50300000000004,46.31600887188113,0.0,0.06260172780768748,17.03347633104667,Very Low
18.5,84.5,14,3.525714285714286,8.95,331.8514285714286,46.682564775768796,0.0,0.0876424189307625,17.031232629609562,Very Low
20.0,82.5,169,3.709704142011834,10.16,330.26041420118344,45.44117177535937,0.591715976331361,1.0579691999499188,17.030059869004866,Very Low
12.0,75.0,19,3.8515789473684214,11.72,327.3742105263158,46.46646288673903,0.0,0.11894328283460623,17.027706303978675,Very Low
27.0,76.5,6,3.275,4.57,334.7966666666667,46.856960068412896,0.0,0.0375610366846125,17.02769170831284,Very Low
23.5,88.5,68,3.1323529411764706,14.05,335.54970588235295,45.69950514294882,2.941176470588235,0.4256917490922749,17.025775739720515,Very Low
21.5,78.5,156,4.3533333333333335,15.16,334.1652564102564,45.31670186312553,0.0,0.9765869537999249,17.019627955050115,Very Low
26.5,75.5,25,2.9704,8.59,327.02119999999996,46.87229819487966,0.0,0.15650431951921873,17.017526842991938,Very Low
13.0,74.5,61,2.96344262295082,8.62,325.3373770491803,46.64045021673825,0.0,0.3818705396268937,17.013952557821256,Very Low
10.5,79.5,74,3.4087837837837838,12.04,336.219054054054,46.31561734702342,0.0,0.46325278577688744,17.01232066513337,Very Low
21.5,69.0,22,5.613181818181818,15.65,339.8068181818182,45.45282995016964,0.0,0.13772380117691246,17.010102627899546,Very Low
25.5,87.0,21,2.367142857142857,4.73,327.89714285714285,47.19298905277867,0.0,0.13146362839614373,17.007792962194426,Very Low
23.5,91.0,28,3.171071428571428,7.4,329.84035714285716,46.70964082778786,0.0,0.175284837861525,17.00482934457526,Very Low
22.5,82.5,336,3.6563690476190476,13.13,330.9327678571429,44.504144601909545,0.0,2.1034180543382996,16.9988266242259,Very Low
22.0,88.5,11,2.4745454545454546,3.73,327.04090909090905,47.151092205050595,0.0,0.06886190058845623,16.991374380610353,Very Low
22.0,74.0,121,4.549917355371901,21.49,336.2350413223141,44.87725274930563,1.6528925619834711,0.7574809064730187,16.991315232300064,Very Low
14.5,76.5,102,3.5173529411764703,13.08,331.67264705882354,46.02153197062125,0.0,0.6385376236384124,16.99111532127439,Very Low
22.5,70.0,76,4.19671052631579,22.77,331.3421052631579,45.43090291573335,1.3157894736842104,0.4757731313384249,16.986499505593574,Very Low
26.0,70.5,42,3.3330952380952383,6.83,344.4171428571429,46.461232497325895,0.0,0.26292725679228746,16.97896779268222,Very Low
28.5,75.5,30,4.081666666666667,13.91,340.92533333333336,46.128850313257885,0.0,0.1878051834230625,16.97682343321432,Very Low
26.5,77.5,13,6.485384615384616,15.41,339.09769230769234,44.91529590725024,0.0,0.08138224614999374,16.965929823404366,Very Low
13.5,74.5,19,2.5968421052631583,5.71,328.3778947368421,46.95564489141634,0.0,0.11894328283460623,16.963447346310883,Very Low
25.5,73.5,11,2.826363636363636,9.45,329.54727272727274,46.87246556335603,0.0,0.06886190058845623,16.959879707629085,Very Low
23.0,85.5,183,3.490109289617487,10.55,326.4593442622951,45.410549025300256,0.0,1.145611618880681,16.94963445525046,Very Low
27.5,97.0,1,2.01,2.01,330.32,47.324667215592186,0.0,0.00626017278076875,16.943035192426017,Very Low
26.5,72.0,55,3.444727272727273,5.58,349.1050909090909,46.19508344097985,0.0,0.3443095029422812,16.935249054629956,Very Low
15.0,80.0,37,3.1794594594594594,6.16,334.74783783783784,46.43498807143944,0.0,0.23162639288844372,16.929994580440386,Very Low
34.5,74.0,14,3.4992857142857146,12.19,321.245,46.40402055433867,0.0,0.0876424189307625,16.928782382229727,Very Low
12.5,92.5,1,3.06,3.06,322.77,46.719903129478766,0.0,0.00626017278076875,16.928418079112323,Very Low
24.5,92.0,10,3.906,9.96,330.434,46.19127015284452,0.0,0.06260172780768748,16.921882336820985,Very Low
20.0,75.5,66,4.06969696969697,17.56,331.55333333333334,45.72954861810231,0.0,0.4131714035307374,16.913699700204514,Very Low
25.0,82.5,58,3.228448275862069,12.57,323.68775862068964,46.205170150024294,0.0,0.36309002128458745,16.9047641605438,Very Low
21.0,77.5,55,3.0527272727272727,9.32,326.91290909090907,45.795051654784054,1.8181818181818181,0.3443095029422812,16.90349065966457,Very Low
26.5,85.0,31,2.9080645161290324,13.22,327.03354838709674,46.52674178928627,0.0,0.19406535620383122,16.898030152591698,Very Low
27.0,88.5,71,3.2883098591549293,11.42,320.7790140845071,46.05916200056326,0.0,0.4444722674345812,16.893379136245468,Very Low
27.5,73.0,35,3.177428571428571,24.75,316.8208571428571,46.34238644887925,0.0,0.21910604732690622,16.892820760997857,Very Low
20.0,86.5,87,2.936666666666667,8.33,319.36080459770113,45.81371355344539,1.1494252873563218,0.5446350319268812,16.891479864167373,Very Low
26.5,85.5,18,2.3877777777777776,4.98,324.0233333333333,46.85274194040506,0.0,0.11268311005383749,16.886005784442702,Very Low
12.5,75.0,27,2.4344444444444444,6.7,322.09703703703707,46.73481387157291,0.0,0.16902466508075623,16.873208296469805,Very Low
22.5,80.5,97,4.447319587628866,28.49,334.4488659793815,45.212704961408555,0.0,0.6072367597345686,16.87159458694175,Very Low
27.0,77.0,23,4.011304347826087,15.71,330.31782608695653,45.879136722017776,0.0,0.14398397395768123,16.860881569900588,Very Low
18.0,84.0,33,3.5633333333333335,11.56,332.09787878787876,46.05048269494435,0.0,0.2065857017653687,16.858693902934096,Very Low
15.5,76.0,54,4.765925925925926,22.35,340.3888888888889,45.27169283261502,0.0,0.33804933016151245,16.857816627136497,Very Low
22.5,84.0,133,2.873984962406015,16.06,322.40654135338343,45.55389013744463,0.7518796992481203,0.8326029798422436,16.849812606113563,Very Low
22.0,69.0,77,2.4315584415584413,17.94,320.18480519480516,45.58077524183743,2.5974025974025974,0.48203330411919365,16.83804645205367,Very Low
22.5,83.0,127,3.1791338582677167,10.56,327.0944094488189,45.38405907592415,0.7874015748031495,0.7950419431576311,16.838043927496,Very Low
25.5,72.0,20,4.2145,19.14,334.6845,45.68444272202676,0.0,0.12520345561537496,16.824298600520624,Very Low
10.5,75.5,9,4.304444444444445,7.06,334.30333333333334,45.704612654708484,0.0,0.056341555026918747,16.824136012967095,Very Low
23.5,70.5,35,4.846857142857142,13.67,337.04314285714287,45.24050017569539,0.0,0.21910604732690622,16.820457164353382,Very Low
17.0,82.5,18,3.4138888888888888,8.17,330.65833333333336,46.041478954059755,0.0,0.11268311005383749,16.794630900691487,Very Low
26.0,88.0,18,2.552777777777778,6.96,327.65611111111116,46.48597672577443,0.0,0.11268311005383749,16.788603009108925,Very Low
27.5,76.0,157,2.3896178343949046,35.29,311.4434394904459,45.674995705928396,0.0,0.9828471265806935,16.7786973260073,Very Low
23.0,84.5,66,3.678939393939394,21.85,324.0578787878788,45.53154442935494,0.0,0.4131714035307374,16.771065944518945,Very Low
26.0,85.5,22,2.415,8.08,326.2081818181818,46.46150133220429,0.0,0.13772380117691246,16.76294452538322,Very Low
22.5,82.0,229,3.592227074235808,15.4,328.797248908297,44.531217053992016,0.0,1.4335795667960436,16.76182118212258,Very Low
23.5,72.5,23,3.996086956521739,8.64,333.3021739130435,45.527663443734504,0.0,0.14398397395768123,16.735010120808315,Very Low
26.0,74.5,11,3.7027272727272726,7.83,336.6354545454546,45.75488367396587,0.0,0.06886190058845623,16.7331905531999,Very Low
25.5,86.5,16,2.76,5.83,325.780625,46.19270673752063,0.0,0.1001627644923,16.720465158504293,Very Low
9.0,79.0,4,3.8625,5.41,328.1925,45.671177983820286,0.0,0.025040691123075,16.718540201697245,Very Low
26.5,73.5,353,1.1438526912181304,4.03,303.08968838526914,44.93388632851579,0.0,2.2098409916113684,16.714967928908127,Very Low
21.5,80.5,98,3.901326530612245,11.45,335.1454081632653,45.03208298727629,0.0,0.6134969325153374,16.70810309468785,Very Low
16.0,81.5,8,2.0825,3.86,319.75625,46.530246180374604,0.0,0.05008138224615,16.69393110862216,Very Low
27.5,75.0,12,3.498333333333333,8.33,334.3475,45.74407776386937,0.0,0.075122073369225,16.693241554172833,Very Low
11.5,92.5,4,1.7075,2.08,321.655,46.69236220713554,0.0,0.025040691123075,16.671532362943267,Very Low
27.0,78.0,26,2.6826923076923075,7.45,322.9315384615384,46.01822710073631,0.0,0.1627644922999875,16.66679979011265,Very Low
27.0,72.5,3,1.5,2.24,323.2033333333333,46.794115653226946,0.0,0.01878051834230625,16.66601411265781,Very Low
21.5,85.5,150,2.6566666666666667,11.22,323.5249333333333,45.061259404142135,0.6666666666666667,0.9390259171153125,16.66533510850462,Very Low
20.0,72.5,131,2.3674045801526717,9.66,321.45893129770997,45.52507667899336,0.0,0.8200826342807062,16.665089400192972,Very Low
22.5,88.5,7,4.331428571428572,17.78,324.92,45.192536994906106,0.0,0.04382120946538125,16.645591440395915,Very Low
28.5,73.5,2,1.8800000000000001,3.58,319.155,46.52758330459227,0.0,0.0125203455615375,16.641850178156574,Very Low
26.0,89.0,18,3.0627777777777774,5.97,327.8316666666667,45.78223825002113,0.0,0.11268311005383749,16.63800469648218,Very Low
34.0,77.5,2,5.375,6.63,335.9,44.60323907872295,0.0,0.0125203455615375,16.62422575368028,Very Low
23.0,88.5,16,3.8737500000000002,13.92,332.80125,45.32053420914687,0.0,0.1001627644923,16.624218859635345,Very Low
27.0,77.5,53,2.7711320754716984,13.82,318.3147169811321,45.669449846144694,0.0,0.3317891573807437,16.62048360688951,Very Low
26.0,74.0,237,1.518059071729958,28.86,304.4599156118143,45.068519965574204,0.42194092827004215,1.4836609490421937,16.620346956795096,Very Low
26.0,73.5,15,2.9339999999999997,6.23,324.67333333333335,45.73974140236786,0.0,0.09390259171153124,16.592390283230152,Very Low
23.0,85.0,51,3.6974509803921567,10.96,332.72705882352943,45.09962836569982,0.0,0.3192688118192062,16.59050342845059,Very Low
13.5,75.0,27,2.8511111111111114,7.92,321.52666666666664,45.663263937005105,0.0,0.16902466508075623,16.576360389540117,Very Low
26.5,73.0,76,1.782236842105263,5.43,316.9011842105263,45.90702038518549,0.0,0.4757731313384249,16.568444715922237,Very Low
15.5,80.5,125,1.62392,10.33,311.15288,45.58014736934318,0.0,0.7825215975960937,16.531690281762152,Very Low
28.5,74.5,2,3.91,5.2,338.875,45.10147996115979,0.0,0.0125203455615375,16.523677953818805,Very Low
22.5,84.5,17,3.518823529411765,9.02,329.0482352941176,45.172822230332315,0.0,0.10642293727306873,16.508102752781284,Very Low
33.5,73.5,21,2.4666666666666663,8.06,316.0261904761905,45.68983301547108,0.0,0.13146362839614373,16.50036568075429,Very Low
28.0,75.0,6,2.7016666666666667,4.23,333.48833333333334,45.619092608515224,0.0,0.0375610366846125,16.486842368796047,Very Low
24.0,86.5,174,1.9148850574712644,23.68,311.2691954022988,44.97164235622376,0.0,1.0892700638537625,16.480680020608165,Very Low
21.0,69.5,7,4.4557142857142855,7.92,338.09285714285716,44.56758257742647,0.0,0.04382120946538125,16.45018171749418,Very Low
16.0,81.0,95,1.9842105263157894,9.61,320.0782105263158,45.1599889545795,0.0,0.5947164141730312,16.386517653215776,Very Low
24.0,86.0,163,1.4257055214723928,16.0,307.3661349693252,44.959697516433664,0.0,1.0204081632653061,16.36059482094865,Very Low
25.0,71.5,59,1.4683050847457626,6.85,313.7557627118644,45.42214870543267,0.0,0.3693501940653562,16.30257697877324,Very Low
26.5,75.0,19,3.0478947368421054,12.76,331.08947368421053,44.812545091900375,0.0,0.11894328283460623,16.29801009644013,Very Low
33.0,76.5,3,2.8166666666666664,3.55,308.91,44.983902680643745,0.0,0.01878051834230625,16.279534413987875,Very Low
25.5,74.0,7,3.652857142857143,11.31,327.4414285714286,44.46003575279344,0.0,0.04382120946538125,16.261870562809744,Very Low
26.0,76.0,8,2.39,5.97,330.48375,45.00341967538402,0.0,0.05008138224615,16.217249424660217,Very Low
27.5,84.0,10,1.516,4.28,312.494,45.212793751648675,0.0,0.06260172780768748,16.13089154191279,Very Low
27.0,73.5,44,1.2377272727272728,16.29,303.3059090909091,44.998217621267024,0.0,0.2754476023538249,16.078063353253096,Very Low
27.0,69.5,19,0.9163157894736842,2.19,306.4084210526316,45.15978356248535,0.0,0.11894328283460623,16.0195166021748,Very Low
34.5,76.0,1,0.56,0.56,299.39,44.61134247123573,0.0,0.00626017278076875,15.721254427712974,Very Low
27.5,74.5,1,0.69,0.69,298.97,44.355480443947314,0.0,0.00626017278076875,15.656099424054771,Very Low
19.0,85.0,4,2.3575,3.5,331.91,42.680438402484114,0.0,0.025040691123075,15.389342560778985,Very Low
27.5,71.0,3,3.5233333333333334,4.66,339.29,41.878565291790096,0.0,0.01878051834230625,15.325284318895804,Very Low
28.0,74.0,1,2.25,2.25,341.87,42.111938655200554,0.0,0.00626017278076875,15.163620268706318,Very Low
27.5,70.5,1,1.31,1.31,346.57,42.55955724502252,0.0,0.00626017278076875,15.143879824842633,Very Low
28.0,72.0,1,2.51,2.51,335.28,41.41104907138039,0.0,0.00626017278076875,14.967102326154746,Very Low
